order_year_month,gross_sales,profit,sales_yoy_pct,profit_yoy_pct
2015-01,1051590.06,111660.74,,
2015-02,927009.88,99140.66,,
2015-03,1051253.67,113778.21,,
2015-04,1014463.26,108083.68,,
2015-05,1050478.42,112147.9,,
2015-06,1024006.15,110147.16,,
2015-07,1038081.17,115624.06,,
2015-08,1029494.67,117979.77,,
2015-09,1018338.58,113467.94,,
2015-10,1049154.25,101757.87,,
2015-11,1029120.22,104427.36,,
2015-12,1057840.86,110641.55,,
2016-01,1046308.23,106780.95,-0.5,-4.37
2016-02,968542.83,86809.49,4.48,-12.44
2016-03,1025853.1,101259.99,-2.42,-11.0
2016-04,1001211.56,114976.62,-1.31,6.38
2016-05,1029400.18,110716.12,-2.01,-1.28
2016-06,1003059.53,104196.07,-2.05,-5.4
2016-07,1045715.6,119941.72,0.74,3.73
2016-08,1048200.23,110729.54,1.82,-6.15
2016-09,1002397.02,123384.71,-1.57,8.74
2016-10,1048130.53,116781.97,-0.1,14.76
2016-11,1047590.12,109539.2,1.79,4.9
2016-12,1037408.15,105002.69,-1.93,-5.1
2017-01,1029698.0,114843.85,-1.59,7.55
2017-02,992534.88,115111.07,2.48,32.6
2017-03,1048004.76,118688.9,2.16,17.21
2017-04,1038321.6,115961.06,3.71,0.86
2017-05,1105485.3,115014.64,7.39,3.88
2017-06,1032086.47,110399.29,2.89,5.95
2017-07,1104373.34,113026.7,5.61,-5.77
2017-08,1109337.15,131501.16,5.83,18.76
2017-09,1143775.09,122462.39,14.1,-0.75
2017-10,1073994.16,113447.17,2.47,-2.86
2017-11,626914.37,67791.25,-40.16,-38.11
2017-12,503910.81,65837.63,-51.43,-37.3
2018-01,331650.11,33841.89,-67.79,-70.53
