category_name,records,orders,units,gross_sales,net_sales,discount,profit,late_records,gross_aov,net_aov,profit_margin_net,late_delivery_rate_row
Accessories,1780,1753,5349,133671.51,119712.55,13959.32,16643.52,1014,76.25,68.29,0.13902903246150883,0.5696629213483146
As Seen on  TV!,68,68,206,20597.94,18519.61,2078.37,714.43,39,302.91,272.35,0.03857694627478657,0.5735294117647058
Baby,207,207,207,12229.56,10957.4,1272.16,1525.03,109,59.08,52.93,0.13917808969281034,0.5265700483091788
Baseball & Softball,632,628,1785,94057.15,84367.27,9689.99,12762.13,349,149.77,134.34,0.15126873253099218,0.5522151898734177
Basketball,67,64,67,27099.33,24705.33,2394.0,1845.67,37,423.43,386.02,0.07470736071932654,0.5522388059701493
Books,405,405,405,12587.4,11303.42,1283.98,883.01,229,31.08,27.91,0.07811883483052032,0.5654320987654321
Boxing & MMA,423,421,1265,85205.41,76286.72,8918.79,8641.37,238,202.39,181.2,0.11327489240591286,0.5626477541371159
CDs,271,271,271,3059.59,2750.03,309.56,383.85,141,11.29,10.15,0.1395802954876856,0.5202952029520295
Cameras,592,592,592,267607.68,240496.68,27111.0,30289.8,344,452.04,406.24,0.12594685298774186,0.581081081081081
Camping & Hiking,13729,12299,13729,4118425.42,3700783.54,417649.5,427455.57,7487,334.86,300.9,0.11550407241597276,0.5453419768373516
Cardio Equipment,12487,11355,37587,3694843.2,3320250.72,374595.19,383011.1,6805,325.39,292.4,0.11535607768801268,0.5449667654360535
Children's Clothing,652,652,652,232829.2,209268.38,23561.91,27178.1,348,357.1,320.96,0.12987198543802939,0.5337423312883436
Cleats,24551,20386,73734,4431942.66,3982856.45,449091.67,494636.92,13496,217.4,195.37,0.12419150080088875,0.5497128426540671
Computers,442,442,442,663000.0,595395.0,67605.0,69656.81,224,1500.0,1347.05,0.11699260155023135,0.5067873303167421
Consumer Electronics,431,431,431,108991.28,97937.56,11053.72,13223.4,238,252.88,227.23,0.1350186792482884,0.5522041763341067
Crafts,484,484,484,223356.32,200704.87,22651.45,25531.17,271,461.48,414.68,0.12720752615519493,0.5599173553719008
DVDs,483,483,483,79395.54,71319.38,8076.43,6655.43,259,164.38,147.66,0.09331867439116828,0.5362318840579711
Electronics,3156,3061,9436,371034.64,333327.26,37708.03,40891.38,1770,121.21,108.89,0.12267637516355547,0.5608365019011406
Fishing,17325,15164,17325,6929653.5,6226935.12,702728.0,756220.76,9516,456.98,410.64,0.1214434943397965,0.5492640692640692
Fitness Accessories,309,307,856,35601.44,31751.36,3850.16,5258.39,176,115.97,103.42,0.16561148876772525,0.56957928802589
Garden,484,484,484,257768.72,231765.46,26003.52,33443.01,270,532.58,478.85,0.1442967817551416,0.5578512396694215
Girls' Apparel,1201,1191,3615,151706.2,136206.83,15499.56,17288.57,664,127.38,114.36,0.12692880379052945,0.5528726061615321
Golf Apparel,441,440,1025,34969.75,31447.44,3522.37,3496.31,229,79.48,71.47,0.11117947915633196,0.5192743764172335
Golf Bags & Carts,61,61,61,10369.39,9403.79,965.6,1810.07,42,169.99,154.16,0.19248303077801607,0.6885245901639344
Golf Balls,1475,1444,4384,77098.16,69341.25,7757.24,8342.67,805,53.39,48.02,0.12031323346492888,0.5457627118644067
Golf Gloves,1070,1064,2961,116695.39,104787.4,11908.19,12975.49,602,109.68,98.48,0.12382681505600865,0.5626168224299065
Golf Shoes,524,523,1444,107998.0,96506.47,11491.62,12406.07,291,206.5,184.52,0.1285516919228317,0.5553435114503816
Health and Beauty,362,362,362,106080.48,95358.11,10722.37,9493.63,202,293.04,263.42,0.09955765692084291,0.5580110497237569
Hockey,614,609,1711,48360.73,43618.36,4742.46,5397.43,329,79.41,71.62,0.12374215811873716,0.5358306188925082
Hunting & Shooting,440,436,1239,56848.42,50878.91,5969.61,5980.0,247,130.39,116.69,0.11753396446582681,0.5613636363636364
Indoor/Outdoor Games,19298,16623,57803,2888993.94,2596454.04,292550.63,318451.43,10565,173.79,156.2,0.12264859115318674,0.5474660586589284
Kids' Golf Clubs,384,373,645,98797.58,89473.7,9324.03,9045.84,205,264.87,239.88,0.10110054686460938,0.5338541666666666
Lacrosse,343,341,1021,39464.79,35415.93,4048.94,4364.29,206,115.73,103.86,0.12322957493986463,0.6005830903790087
Men's Clothing,208,208,208,43856.8,39365.71,4491.21,2006.04,113,210.85,189.26,0.05095907072424199,0.5432692307692307
Men's Footwear,22246,18783,22246,2891757.54,2598494.44,293263.1,311902.82,12121,153.96,138.34,0.120032129066245,0.5448619976625011
Men's Golf Clubs,283,280,420,47035.8,42382.79,4653.02,5517.99,135,167.98,151.37,0.1301941188864631,0.47703180212014135
Music,434,434,434,113122.1,101687.29,11435.05,14436.32,248,260.65,234.3,0.14196779164829743,0.5714285714285714
Pet Supplies,492,492,492,41524.8,37318.3,4206.5,3589.26,290,84.4,75.85,0.09617962233006325,0.5894308943089431
Shop By Sport,10984,10136,32726,1309522.02,1177185.62,132338.73,129813.96,6058,129.2,116.14,0.11027484348645035,0.5515294974508376
Soccer,138,136,295,26477.05,23909.95,2567.12,3901.95,75,194.68,175.81,0.16319356585856515,0.5434782608695652
Sporting Goods,357,357,357,117006.75,105063.61,11943.73,12518.61,198,327.75,294.3,0.11915267331857339,0.5546218487394958
Strength Training,111,111,111,54895.53,48813.84,6081.72,332.31,64,494.55,439.76,0.00680770043905582,0.5765765765765766
Tennis & Racquet,328,327,991,44585.09,40077.81,4507.39,5747.98,183,136.35,122.56,0.14342051125049,0.5579268292682927
Toys,529,529,529,6104.66,5485.68,619.27,900.71,291,11.54,10.37,0.1641929532892914,0.5500945179584121
Trade-In,974,964,2822,68721.78,61667.54,7054.46,7915.37,542,71.29,63.97,0.12835553355947066,0.5564681724845996
Video Games,838,838,838,33310.5,29919.2,3392.69,2717.52,455,39.75,35.7,0.09082863178159843,0.5429594272076372
Water Sports,15540,13758,15540,3113844.6,2798044.1,315800.5,325146.96,8517,226.33,203.38,0.11620508768964721,0.5480694980694981
Women's Apparel,21035,17869,62956,3147800.0,2828708.5,319091.5,350421.03,11476,176.16,158.3,0.12388021954188635,0.5455669122890421
Women's Clothing,650,650,650,140283.0,126006.93,14276.44,19102.85,367,215.82,193.86,0.1516015825478805,0.5646153846153846
Women's Golf Clubs,181,181,403,44545.97,39984.39,4561.6,5028.64,97,246.11,220.91,0.1257650798224007,0.5359116022099447
