market,customer_segment,records,orders,units,gross_sales,net_sales,discount,profit,late_records,gross_aov,net_aov,profit_margin_net,late_delivery_rate_row
Africa,All,11614,3854,25603,2294452.88,2061679.37,232776.37,252071.18,6340,595.34,534.95,0.12226497663407282,0.5458928878939211
Africa,Consumer,6007,2009,13231,1187434.07,1066810.29,120625.2,129600.89,3305,591.06,531.02,0.12148447686982847,0.5501914433161312
Africa,Corporate,3528,1167,7671,699757.5,629263.86,70494.45,75761.37,1943,599.62,539.21,0.12039682367902074,0.5507369614512472
Africa,Home Office,2079,678,4701,407261.31,365605.22,41656.72,46708.92,1092,600.68,539.24,0.12775780389568833,0.5252525252525253
All,All,180519,65752,384079,36784734.31,33054402.04,3730378.4,3966902.97,98977,559.45,502.71,0.12001133662014357,0.5482913155955883
All,Consumer,93504,34119,199234,19095789.79,17164278.19,1931535.7,2073487.67,51248,559.68,503.07,0.12080249731724954,0.5480835044490076
All,Corporate,54789,19856,116560,11168406.63,10030649.8,1137770.7,1202574.96,29982,562.47,505.17,0.11989003543917962,0.5472266330832831
All,Home Office,32226,11777,68285,6520537.89,5859474.05,661072.0,690840.34,17747,553.67,497.54,0.11790142495809841,0.5507044001737728
Europe,All,50252,18561,105238,10872396.6,9769198.23,1103210.75,1169442.96,27743,585.77,526.33,0.11970715840413446,0.552077529252567
Europe,Consumer,26108,9639,54869,5671565.25,5097708.98,573862.58,627099.0,14527,588.4,528.86,0.1230158493669052,0.5564194882794545
Europe,Corporate,15313,5617,31920,3303070.61,2968303.71,334770.71,355412.12,8290,588.05,528.45,0.11973576652639767,0.5413700777117482
Europe,Home Office,8831,3305,18449,1897760.74,1703185.54,194577.46,186931.84,4926,574.21,515.34,0.10975424321650828,0.5578077227947005
LATAM,All,51594,17181,112942,10277612.64,9235761.99,1041863.15,1123321.61,28044,598.2,537.56,0.12162738832120988,0.5435515757646238
LATAM,Consumer,26598,8884,58345,5289638.68,4754728.35,534916.97,568246.21,14525,595.41,535.2,0.11951181396093849,0.5460936912549815
LATAM,Corporate,15699,5184,34457,3139114.78,2818496.73,320621.94,350573.82,8453,605.54,543.69,0.12438326298856484,0.5384419389770049
LATAM,Home Office,9297,3113,20140,1848859.18,1662536.91,186324.24,204501.58,5066,593.92,534.06,0.12300573826057191,0.5449069592341615
Pacific Asia,All,41260,17577,83680,8273743.58,7434262.58,839493.31,857753.44,22712,470.71,422.95,0.11537841591815283,0.5504604944255937
Pacific Asia,Consumer,21284,9078,43386,4286860.63,3853807.21,433059.84,445629.43,11592,472.23,424.52,0.1156335555249532,0.5446344672054125
Pacific Asia,Corporate,12508,5318,25217,2515592.54,2257029.98,258566.13,258109.51,7011,473.03,424.41,0.11435803347193466,0.5605212663895107
Pacific Asia,Home Office,7468,3181,15077,1471290.41,1323425.39,147867.34,154014.5,4109,462.52,416.04,0.11637565756540305,0.5502142474558115
USCA,All,25799,8579,56616,5066528.61,4553499.87,513034.82,564313.78,14138,590.57,530.77,0.12392967961147652,0.5480057366564596
USCA,Consumer,13507,4509,29403,2660291.16,2391223.36,269071.11,302912.14,7299,590.0,530.32,0.12667663969291434,0.5403864662767454
USCA,Corporate,7741,2570,17295,1510871.2,1357555.52,153317.47,162718.14,4285,587.89,528.23,0.11986113098343115,0.5535460534814624
USCA,Home Office,4551,1500,9918,895366.25,804720.99,90646.24,98683.5,2554,596.91,536.48,0.12263070210210374,0.5611953416831466
