market,customer_segment,order_year_month,records,orders,units,gross_sales,net_sales,discount,profit,late_records,gross_aov,net_aov,profit_margin_net,late_delivery_rate_row
All,All,2015-01,5322,1787,11854,1051590.06,945382.15,106209.28,111660.74,2880,588.47,529.03,0.11811174983576747,0.5411499436302142
All,All,2015-02,4729,1585,10438,927009.88,833012.42,93998.57,99140.66,2594,584.86,525.56,0.11901462405566533,0.5485303446817509
All,All,2015-03,5362,1781,12062,1051253.67,944050.1,107204.88,113778.21,2936,590.26,530.07,0.1205213685163531,0.5475568817605371
All,All,2015-04,5126,1710,11287,1014463.26,912004.39,102460.16,108083.68,2760,593.25,533.34,0.11851223654745784,0.538431525555989
All,All,2015-05,5357,1776,11902,1050478.42,943939.76,106539.92,112147.9,2951,591.49,531.5,0.11880832310739829,0.5508680231472839
All,All,2015-06,5134,1725,11203,1024006.15,920242.05,103765.36,110147.16,2778,593.63,533.47,0.11969368276531159,0.5410985586287496
All,All,2015-07,5299,1763,11800,1038081.17,932936.78,105145.67,115624.06,2939,588.82,529.18,0.12393557900032626,0.5546329496131346
All,All,2015-08,5273,1762,11612,1029494.67,925192.86,104303.01,117979.77,2936,584.28,525.08,0.12751910990752782,0.5567987862696757
All,All,2015-09,5140,1706,11366,1018338.58,914522.36,103817.56,113467.94,2914,596.92,536.06,0.12407344529006377,0.5669260700389105
All,All,2015-10,5302,1775,11703,1049154.25,943131.09,106024.42,101757.87,2906,591.07,531.34,0.10789366513195954,0.5480950584685025
All,All,2015-11,5235,1729,11463,1029120.22,924602.56,104518.97,104427.36,2841,595.21,534.76,0.11294297086955934,0.5426934097421203
All,All,2015-12,5371,1805,11790,1057840.86,950526.91,107315.25,110641.55,2937,586.06,526.61,0.11640022900561542,0.5468255445913238
All,All,2016-01,5317,1772,11597,1046308.23,940283.62,106025.88,106780.95,2955,590.47,530.63,0.1135624908578116,0.5557645288696633
All,All,2016-02,4894,1650,10765,968542.83,870116.74,98427.3,86809.49,2650,587.0,527.34,0.09976763577724065,0.5414793624846751
All,All,2016-03,5210,1764,11349,1025853.1,921487.72,104366.66,101259.99,2905,581.55,522.39,0.10988750886446974,0.5575815738963532
All,All,2016-04,5097,1706,11208,1001211.56,900492.91,100719.84,114976.62,2815,586.88,527.84,0.1276818714763673,0.5522856582303316
All,All,2016-05,5302,1763,11603,1029400.18,924978.21,104423.22,110716.12,2951,583.89,524.66,0.11969592235043029,0.5565824217276499
All,All,2016-06,5054,1690,11008,1003059.53,901448.0,101612.76,104196.07,2873,593.53,533.4,0.11558744375715516,0.5684606252473289
All,All,2016-07,5305,1758,11652,1045715.6,939216.39,106500.52,119941.72,2755,594.83,534.25,0.1277040320814674,0.5193213949104618
All,All,2016-08,5334,1766,11683,1048200.23,942408.93,105792.52,110729.54,2948,593.54,533.64,0.11749627627149076,0.5526809148856393
All,All,2016-09,5160,1730,11284,1002397.02,900371.62,102026.62,123384.71,2837,579.42,520.45,0.13703753790018394,0.5498062015503876
All,All,2016-10,5398,1776,11936,1048130.53,941882.27,106249.53,116781.97,2957,590.16,530.34,0.12398786315406489,0.547795479807336
All,All,2016-11,5210,1721,11493,1047590.12,941197.35,106394.08,109539.2,2846,608.71,546.89,0.11638281811991927,0.5462571976967371
All,All,2016-12,5269,1763,11774,1037408.15,932112.88,105296.6,105002.69,2954,588.43,528.71,0.11265018674562248,0.5606376921617006
All,All,2017-01,5217,1745,11605,1029698.0,925472.61,104226.64,114843.85,2797,590.08,530.36,0.12409211116469455,0.5361318765574085
All,All,2017-02,4906,1614,11070,992534.88,891924.28,100611.81,115111.07,2682,614.95,552.62,0.12905924032026575,0.5466775377089278
All,All,2017-03,5347,1782,11676,1048004.76,942290.42,105715.63,118688.9,2955,588.11,528.78,0.12595787612910253,0.5526463437441556
All,All,2017-04,5212,1739,11189,1038321.6,932318.19,106004.69,115961.06,2803,597.08,536.12,0.12437927441917655,0.5377973906369916
All,All,2017-05,5317,1763,11033,1105485.3,993199.04,112287.53,115014.64,2843,627.05,563.36,0.11580220617208813,0.5347000188075983
All,All,2017-06,4951,1676,10194,1032086.47,927445.96,104641.62,110399.29,2649,615.8,553.37,0.11903581961799693,0.5350434255705918
All,All,2017-07,5318,1776,11091,1104373.34,992423.42,111951.16,113026.7,2913,621.83,558.8,0.11388959361720825,0.5477623166603987
All,All,2017-08,5305,1768,11095,1109337.15,996507.87,112830.56,131501.16,2994,627.45,563.64,0.1319619884186163,0.564373232799246
All,All,2017-09,5189,1723,10502,1143775.09,1027111.72,116664.51,122462.39,2814,663.83,596.12,0.11922986332976514,0.5423010213914049
All,All,2017-10,2255,2101,2490,1073994.16,966081.41,107913.68,113447.17,1210,511.18,459.82,0.11743023809970632,0.5365853658536586
All,All,2017-11,2055,2055,2055,626914.37,563393.47,63521.58,67791.25,1132,305.07,274.16,0.12032665199332183,0.5508515815085158
All,All,2017-12,2124,2124,2124,503910.81,452741.53,51170.48,65837.63,1172,237.25,213.16,0.14541990437678645,0.551789077212806
All,All,2018-01,2123,2123,2123,331650.11,297952.05,33699.93,33841.89,1195,156.22,140.34,0.11358166523774547,0.5628827131417805
All,Consumer,2015-01,2763,928,6082,547482.5,491967.89,55515.41,62962.4,1545,589.96,530.14,0.12798071028578714,0.5591748099891423
All,Consumer,2015-02,2418,815,5309,476562.84,428519.87,48043.58,50244.79,1341,584.74,525.79,0.11725194913365394,0.5545905707196029
All,Consumer,2015-03,2795,946,6465,548665.65,492583.95,56082.42,54391.32,1550,579.98,520.7,0.110420406511418,0.554561717352415
All,Consumer,2015-04,2728,907,6023,546105.86,491956.84,54149.76,60452.13,1484,602.1,542.4,0.12288096248443256,0.5439882697947214
All,Consumer,2015-05,2723,907,6109,529553.32,476796.36,52757.52,55547.68,1488,583.85,525.69,0.11650189611346866,0.5464561145795079
All,Consumer,2015-06,2670,890,5907,535247.83,479756.89,55491.63,60763.22,1527,601.4,539.05,0.12665418937495612,0.5719101123595506
All,Consumer,2015-07,2688,899,5945,527297.43,474008.13,53289.92,61223.24,1452,586.54,527.26,0.12916073823459526,0.5401785714285714
All,Consumer,2015-08,2709,893,6081,530694.29,476855.15,53839.72,56663.4,1483,594.28,533.99,0.11882727910142105,0.5474344776670358
All,Consumer,2015-09,2709,901,5971,535371.13,481417.61,53954.21,68083.11,1574,594.2,534.31,0.1414221428252282,0.5810262089331857
All,Consumer,2015-10,2663,893,5887,528978.1,475330.74,53648.01,45932.04,1495,592.36,532.29,0.09663174740181962,0.5613969207660533
All,Consumer,2015-11,2693,902,5977,533532.73,478963.51,54569.9,57617.46,1497,591.5,531.0,0.12029613696458838,0.5558856294095804
All,Consumer,2015-12,2719,919,5898,535432.57,481853.93,53579.28,57324.49,1496,582.63,524.32,0.11896652996064595,0.550202280250092
All,Consumer,2016-01,2689,904,5961,527335.15,473189.59,54146.27,48443.0,1455,583.34,523.44,0.10237545589284835,0.5410933432502789
All,Consumer,2016-02,2553,871,5632,504990.78,453237.57,51753.86,44059.47,1388,579.78,520.36,0.09721054236523244,0.5436741088915001
All,Consumer,2016-03,2708,915,5957,539812.56,485296.02,54517.27,53350.72,1490,589.96,530.38,0.10993438602690374,0.5502215657311669
All,Consumer,2016-04,2609,887,5710,514511.21,463223.0,51288.83,57215.19,1410,580.06,522.24,0.12351543425088997,0.5404369490226141
All,Consumer,2016-05,2805,942,6088,539841.15,484857.27,54984.51,63626.83,1558,573.08,514.71,0.13122795910639848,0.5554367201426025
All,Consumer,2016-06,2645,887,5645,521058.74,467881.96,53177.42,57407.72,1501,587.44,527.49,0.12269701528992483,0.5674858223062382
All,Consumer,2016-07,2778,917,6098,554767.88,498315.89,56452.74,59785.22,1393,604.98,543.42,0.11997454064729904,0.5014398848092153
All,Consumer,2016-08,2833,946,6209,562308.34,505628.0,56681.03,63043.94,1563,594.41,534.49,0.12468443203303615,0.5517119661136605
All,Consumer,2016-09,2721,902,5984,534414.28,479571.71,54843.18,67305.98,1505,592.48,531.68,0.14034601832539287,0.5531054759279677
All,Consumer,2016-10,2901,950,6341,564420.28,507832.72,56588.18,63778.27,1534,594.13,534.56,0.12558913100361077,0.5287831782144088
All,Consumer,2016-11,2721,903,5974,548519.94,493262.23,55258.28,61985.58,1463,607.44,546.25,0.12566455777487767,0.537669974274164
All,Consumer,2016-12,2749,926,6167,541428.78,486951.12,54478.36,52273.5,1532,584.7,525.87,0.10734855687363447,0.5572935612950164
All,Consumer,2017-01,2782,926,6233,552258.89,496494.92,55764.64,52468.68,1490,596.39,536.17,0.10567818095701766,0.5355859094176851
All,Consumer,2017-02,2455,825,5522,491386.43,442311.89,49075.18,55119.85,1311,595.62,536.14,0.12461760862906036,0.5340122199592668
All,Consumer,2017-03,2604,871,5678,508047.42,455757.88,52290.25,54047.58,1475,583.29,523.26,0.11858836099553562,0.5664362519201229
All,Consumer,2017-04,2795,923,5979,553031.44,496275.86,56756.3,64501.54,1470,599.17,537.68,0.12997114145346503,0.5259391771019678
All,Consumer,2017-05,2687,895,5635,555613.62,498873.03,56741.21,54896.79,1459,620.8,557.4,0.11004160718008749,0.5429847413472274
All,Consumer,2017-06,2466,841,4958,507861.77,457114.35,50747.93,56706.22,1308,603.88,543.54,0.12405259209210999,0.5304136253041363
All,Consumer,2017-07,2817,938,5923,589456.71,528720.74,60736.59,61960.73,1582,628.42,563.67,0.11718989877340541,0.5615903443379482
All,Consumer,2017-08,2849,939,5884,592000.24,532142.34,59858.59,71638.58,1619,630.46,566.71,0.13462296572755328,0.5682695682695683
All,Consumer,2017-09,2651,881,5478,588507.7,529596.54,58911.7,61074.84,1412,668.0,601.13,0.11532333651575592,0.5326291965296115
All,Consumer,2017-10,1153,1075,1269,562802.93,507711.61,55091.84,67161.68,640,523.54,472.29,0.13228312821130878,0.5550737207285342
All,Consumer,2017-11,1043,1043,1043,324809.29,292502.34,32307.26,35466.75,575,311.42,280.44,0.1212528761308371,0.551294343240652
All,Consumer,2017-12,1143,1143,1143,278849.77,251145.38,27705.01,43002.48,610,243.96,219.72,0.17122544718919377,0.5336832895888014
All,Consumer,2018-01,1069,1069,1069,162830.24,146373.36,16457.91,11961.25,573,152.32,136.93,0.08171739720943758,0.5360149672591207
All,Corporate,2015-01,1613,528,3673,317973.66,286082.85,31891.23,28959.29,830,602.22,541.82,0.10122693478480099,0.5145691258524488
All,Corporate,2015-02,1403,475,3165,274771.08,246212.44,28559.01,32128.64,766,578.47,518.34,0.13049153812049463,0.5459729151817534
All,Corporate,2015-03,1628,524,3598,321220.89,287395.76,33825.52,39504.57,884,613.02,548.47,0.13745703833626494,0.542997542997543
All,Corporate,2015-04,1487,500,3289,292889.83,262923.83,29966.34,29448.55,816,585.78,525.85,0.11200411160905421,0.5487558843308675
All,Corporate,2015-05,1682,550,3689,333329.04,298802.67,34526.83,34737.14,982,606.05,543.28,0.11625444980126852,0.5838287752675386
All,Corporate,2015-06,1559,522,3352,313304.13,281780.59,31523.87,32140.53,769,600.2,539.81,0.11406225673670424,0.4932649134060295
All,Corporate,2015-07,1668,551,3725,330451.75,297649.56,32802.55,38642.24,950,599.73,540.2,0.1298246165725896,0.5695443645083933
All,Corporate,2015-08,1651,551,3583,322081.07,289370.15,32711.33,44385.42,949,584.54,525.17,0.15338631161507155,0.5748031496062992
All,Corporate,2015-09,1541,506,3402,306729.01,276123.44,30605.88,26945.32,832,606.18,545.7,0.09758432677790774,0.5399091499026606
All,Corporate,2015-10,1651,550,3640,326310.72,293589.86,32721.25,33052.64,853,593.29,533.8,0.11258099990238082,0.516656571774682
All,Corporate,2015-11,1582,518,3443,303815.09,273160.58,30654.86,23562.54,843,586.52,527.34,0.08625893238328898,0.5328697850821744
All,Corporate,2015-12,1700,568,3758,336029.03,300944.94,35084.55,33959.04,938,591.6,529.83,0.1128413722457005,0.5517647058823529
All,Corporate,2016-01,1681,556,3559,330304.83,297414.47,32890.66,36241.36,973,594.07,534.92,0.12185473020192998,0.5788221296847115
All,Corporate,2016-02,1439,488,3127,283960.26,255060.87,28899.71,29754.17,783,581.89,522.67,0.11665517333176195,0.5441278665740097
All,Corporate,2016-03,1527,519,3289,297087.81,266567.05,30521.13,31573.18,851,572.42,513.62,0.1184436711138905,0.5573018991486575
All,Corporate,2016-04,1679,552,3712,329312.98,295246.87,34066.53,36463.36,921,596.58,534.87,0.12350125845533944,0.5485407980941036
All,Corporate,2016-05,1601,527,3558,314918.74,283129.6,31789.56,30567.39,844,597.57,537.25,0.10796253729740728,0.5271705184259837
All,Corporate,2016-06,1510,513,3436,300015.66,270342.99,29673.04,25934.97,902,584.83,526.98,0.09593357682401901,0.5973509933774834
All,Corporate,2016-07,1504,504,3296,289152.23,259542.3,29610.29,36925.67,812,573.71,514.96,0.14227226159281164,0.5398936170212766
All,Corporate,2016-08,1553,503,3443,303624.79,272904.28,30720.8,34136.53,851,603.63,542.55,0.1250860924570329,0.5479716677398584
All,Corporate,2016-09,1549,522,3364,293396.4,263469.92,29926.89,40580.56,859,562.06,504.73,0.1540235029486478,0.5545513234344739
All,Corporate,2016-10,1628,531,3644,313212.28,281524.11,31688.61,34196.0,916,589.85,530.18,0.12146739403598505,0.5626535626535627
All,Corporate,2016-11,1531,505,3372,306833.86,274578.08,32256.25,26794.56,889,607.59,543.72,0.09758448307308434,0.5806662312214239
All,Corporate,2016-12,1552,521,3421,309703.69,277853.21,31850.78,31377.59,865,594.44,533.31,0.11292865754547157,0.5573453608247423
All,Corporate,2017-01,1541,515,3367,306837.69,276355.85,30482.18,35548.75,854,595.8,536.61,0.12863396957220194,0.5541855937702791
All,Corporate,2017-02,1601,501,3618,325899.2,292328.89,33570.7,39792.71,881,650.5,583.49,0.13612308383204957,0.5502810743285447
All,Corporate,2017-03,1714,573,3769,335368.65,302171.23,33197.79,39134.97,881,585.29,527.35,0.12951256147052784,0.5140023337222871
All,Corporate,2017-04,1475,493,3177,295931.4,265532.86,30398.93,31574.6,810,600.27,538.61,0.11891032996820054,0.5491525423728814
All,Corporate,2017-05,1692,561,3454,355405.75,319789.13,35617.03,41593.1,870,633.52,570.03,0.1300641457075167,0.5141843971631206
All,Corporate,2017-06,1522,515,3219,319067.65,286150.29,32917.73,31107.06,779,619.55,555.63,0.1087088187120132,0.511826544021025
All,Corporate,2017-07,1614,534,3374,334417.82,301177.72,33240.52,35079.94,860,626.25,564.0,0.11647588008834119,0.5328376703841388
All,Corporate,2017-08,1550,520,3274,322278.55,289744.06,32534.89,34726.6,883,619.77,557.2,0.11985267273468868,0.5696774193548387
All,Corporate,2017-09,1557,508,3092,340644.34,305178.69,35466.05,37525.68,860,670.56,600.75,0.1229629762156722,0.552344251766217
All,Corporate,2017-10,702,650,776,321969.64,288162.12,33807.79,35376.79,354,495.34,443.33,0.12276696881602621,0.5042735042735043
All,Corporate,2017-11,669,669,669,203195.58,182128.21,21067.61,22664.74,351,303.73,272.24,0.12444387390618951,0.5246636771300448
All,Corporate,2017-12,614,614,614,152231.34,136091.31,16140.39,14541.36,357,247.93,221.65,0.10685002591274932,0.5814332247557004
All,Corporate,2018-01,619,619,619,104730.19,94169.02,10561.62,11897.4,364,169.19,152.13,0.12634091339168654,0.5880452342487884
All,Home Office,2015-01,946,331,2099,186133.9,167331.41,18802.64,19739.05,505,562.34,505.53,0.11796380607801009,0.5338266384778013
All,Home Office,2015-02,908,295,1964,175675.96,158280.11,17395.98,16767.23,487,595.51,536.54,0.1059339041399453,0.5363436123348018
All,Home Office,2015-03,939,311,1999,181367.13,164070.39,17296.94,19882.32,502,583.17,527.56,0.12118164648721806,0.5346112886048988
All,Home Office,2015-04,911,303,1975,175467.57,157123.72,18344.06,18183.0,460,579.1,518.56,0.115724093090464,0.5049396267837541
All,Home Office,2015-05,952,319,2104,187596.06,168340.73,19255.57,21863.08,481,588.08,527.71,0.1298739764286397,0.5052521008403361
All,Home Office,2015-06,905,313,1944,175454.19,158704.57,16749.86,17243.41,482,560.56,507.04,0.10865099851882022,0.532596685082873
All,Home Office,2015-07,943,313,2130,180331.99,161279.09,19053.2,15758.58,537,576.14,515.27,0.09771000071987014,0.5694591728525981
All,Home Office,2015-08,913,318,1948,176719.31,158967.56,17751.96,16930.95,504,555.72,499.9,0.1065056921047288,0.552026286966046
All,Home Office,2015-09,890,299,1993,176238.44,156981.31,19257.47,18439.51,508,589.43,525.02,0.1174630916253661,0.5707865168539326
All,Home Office,2015-10,988,332,2176,193865.43,174210.49,19655.16,22773.19,558,583.93,524.73,0.13072226592095573,0.5647773279352226
All,Home Office,2015-11,960,309,2043,191772.4,172478.47,19294.21,23247.36,501,620.62,558.18,0.13478412696958642,0.521875
All,Home Office,2015-12,952,318,2134,186379.26,167728.04,18651.42,19358.02,503,586.1,527.45,0.11541314141630701,0.5283613445378151
All,Home Office,2016-01,947,312,2077,188668.25,169679.56,18988.95,22096.59,527,604.71,543.84,0.1302254084110072,0.5564941921858501
All,Home Office,2016-02,902,291,2006,179591.79,161818.3,17773.73,12995.85,479,617.15,556.08,0.08031137392989546,0.5310421286031042
All,Home Office,2016-03,975,330,2103,188952.73,169624.65,19328.26,16336.09,564,572.58,514.01,0.09630728788533978,0.5784615384615385
All,Home Office,2016-04,809,267,1786,157387.37,142023.04,15364.48,21298.07,484,589.47,531.92,0.1499620765757443,0.5982694684796045
All,Home Office,2016-05,896,294,1957,174640.29,156991.34,17649.15,16521.9,549,594.01,533.98,0.10524083685125563,0.6127232142857143
All,Home Office,2016-06,899,290,1927,181985.13,163223.05,18762.3,20853.38,470,627.53,562.84,0.12776001918846633,0.5228031145717463
All,Home Office,2016-07,1023,337,2258,201795.49,181358.2,20437.49,23230.83,550,598.8,538.15,0.12809362907218974,0.5376344086021505
All,Home Office,2016-08,948,317,2031,182267.1,163876.65,18390.69,13549.07,534,574.98,516.96,0.08267846578508897,0.5632911392405063
All,Home Office,2016-09,890,306,1936,174586.34,157329.99,17256.55,15498.17,473,570.54,514.15,0.09850741107909561,0.5314606741573034
All,Home Office,2016-10,869,295,1951,170497.97,152525.44,17972.74,18807.7,507,577.96,517.04,0.12330861002597338,0.5834292289988493
All,Home Office,2016-11,958,313,2147,192236.32,173357.04,18879.55,20759.06,494,614.17,553.86,0.1197474299284298,0.5156576200417536
All,Home Office,2016-12,968,316,2186,186275.68,167308.55,18967.46,21351.6,557,589.48,529.46,0.1276181043945453,0.5754132231404959
All,Home Office,2017-01,894,304,2005,170601.42,152621.84,17979.82,26826.42,453,561.19,502.05,0.17577051881958705,0.5067114093959731
All,Home Office,2017-02,850,288,1930,175249.25,157283.5,17965.93,20198.51,490,608.5,546.12,0.1284210359001421,0.5764705882352941
All,Home Office,2017-03,1029,338,2229,204588.69,184361.31,20227.59,25506.35,599,605.29,545.45,0.1383497980134769,0.5821185617103984
All,Home Office,2017-04,942,323,2033,189358.76,170509.47,18849.46,19884.92,523,586.25,527.89,0.11662061937087718,0.5552016985138004
All,Home Office,2017-05,938,307,1944,194465.93,174536.88,19929.29,18524.75,514,633.44,568.52,0.10613659416852186,0.5479744136460555
All,Home Office,2017-06,963,320,2017,205157.05,184181.32,20975.96,22586.01,562,641.12,575.57,0.1226292112576889,0.5835929387331257
All,Home Office,2017-07,887,304,1794,180498.81,162524.96,17974.05,15986.03,471,593.75,534.62,0.09836046106394981,0.5310033821871477
All,Home Office,2017-08,906,309,1937,195058.36,174621.47,20437.08,25135.98,492,631.26,565.12,0.14394552972208974,0.543046357615894
All,Home Office,2017-09,981,334,1932,214623.05,192336.49,22286.76,23861.87,542,642.58,575.86,0.12406314579204393,0.5524974515800204
All,Home Office,2017-10,400,376,445,189221.59,170207.68,19014.05,10908.7,216,503.25,452.68,0.06409052752496246,0.54
All,Home Office,2017-11,343,343,343,98909.5,88762.92,10146.71,9659.76,206,288.37,258.78,0.10882652350778907,0.6005830903790087
All,Home Office,2017-12,367,367,367,72829.7,65504.84,7325.08,8293.79,205,198.45,178.49,0.12661339223178011,0.55858310626703
All,Home Office,2018-01,435,435,435,64089.68,57409.67,6680.4,9983.24,258,147.33,131.98,0.1738947463031925,0.593103448275862
Africa,All,2016-08,484,165,1024,96740.44,86992.39,9748.17,8755.8,259,586.31,527.23,0.10065018330913772,0.5351239669421488
Africa,All,2016-09,2587,869,5640,507614.65,455935.22,51680.03,65462.68,1370,584.14,524.67,0.143578905792801,0.5295709315809818
Africa,All,2016-10,2383,784,5304,462024.88,415576.67,46448.73,49135.42,1267,589.32,530.07,0.11823430800386364,0.5316827528325639
Africa,All,2016-11,2426,807,5333,492548.64,442795.2,49754.07,48290.04,1329,610.35,548.69,0.10905727975371006,0.5478153338829349
Africa,All,2016-12,2476,820,5507,487694.11,436541.5,51153.33,50254.69,1483,594.75,532.37,0.11512007449463568,0.5989499192245558
Africa,All,2017-01,1258,409,2795,247830.16,223838.39,23992.04,30172.55,632,605.94,547.28,0.13479613572988974,0.5023847376788553
Africa,Consumer,2016-08,251,88,560,50271.28,44999.18,5272.16,4998.26,138,571.26,511.35,0.11107446846809209,0.549800796812749
Africa,Consumer,2016-09,1392,469,3075,273375.65,245113.88,28262.07,36709.44,743,582.89,522.63,0.1497648358387538,0.5337643678160919
Africa,Consumer,2016-10,1202,399,2625,235078.87,211646.93,23432.21,25510.33,611,589.17,530.44,0.12053248303672537,0.5083194675540765
Africa,Consumer,2016-11,1240,415,2707,253115.84,228217.0,24899.08,26451.37,680,609.92,549.92,0.11590446811587217,0.5483870967741935
Africa,Consumer,2016-12,1305,438,2908,253412.17,226725.81,26686.75,24036.61,806,578.57,517.64,0.1060162052128075,0.617624521072797
Africa,Consumer,2017-01,617,200,1356,122180.26,110107.49,12072.93,11894.88,327,610.9,550.54,0.10802970806073228,0.5299837925445705
Africa,Corporate,2016-08,162,54,320,32331.53,29326.83,3004.72,1503.44,87,598.73,543.09,0.051265002047613056,0.5370370370370371
Africa,Corporate,2016-09,737,247,1583,142428.69,128196.29,14232.59,21439.15,383,576.63,519.01,0.1672368989773417,0.519674355495251
Africa,Corporate,2016-10,772,249,1734,148695.75,133847.92,14848.01,14473.41,434,597.17,537.54,0.10813324555211615,0.5621761658031088
Africa,Corporate,2016-11,719,241,1533,145925.41,130744.39,15181.24,12325.7,407,605.5,542.51,0.0942732609789223,0.5660639777468707
Africa,Corporate,2016-12,750,249,1661,152318.01,136391.51,15926.65,16106.43,426,611.72,547.76,0.11808968168179969,0.568
Africa,Corporate,2017-01,388,127,840,78058.11,70756.92,7301.24,9913.24,206,614.63,557.14,0.14010276309370165,0.5309278350515464
Africa,Home Office,2016-08,71,23,144,14137.63,12666.38,1471.29,2254.1,34,614.68,550.71,0.17795929065763066,0.4788732394366197
Africa,Home Office,2016-09,458,153,982,91810.31,82625.05,9185.37,7314.09,244,600.07,540.03,0.08852145929109877,0.5327510917030568
Africa,Home Office,2016-10,409,136,945,78250.26,70081.82,8168.51,9151.68,222,575.37,515.31,0.13058564974482684,0.5427872860635696
Africa,Home Office,2016-11,467,151,1093,93507.39,83833.81,9673.75,9512.97,242,619.25,555.19,0.11347414605157513,0.5182012847965739
Africa,Home Office,2016-12,421,133,938,81963.93,73424.18,8539.93,10111.65,251,616.27,552.06,0.13771553185885083,0.5961995249406176
Africa,Home Office,2017-01,253,82,599,47591.79,42973.98,4617.87,8364.43,99,580.39,524.07,0.19463940738093144,0.391304347826087
Europe,All,2015-05,121,41,255,22606.92,20231.28,2375.67,2957.45,74,551.39,493.45,0.14618205076495408,0.6115702479338843
Europe,All,2015-06,5134,1725,11203,1024006.15,920242.05,103765.36,110147.16,2778,593.63,533.47,0.11969368276531159,0.5410985586287496
Europe,All,2015-07,5299,1763,11800,1038081.17,932936.78,105145.67,115624.06,2939,588.82,529.18,0.12393557900032626,0.5546329496131346
Europe,All,2015-08,5273,1762,11612,1029494.67,925192.86,104303.01,117979.77,2936,584.28,525.08,0.12751910990752782,0.5567987862696757
Europe,All,2015-09,5140,1706,11366,1018338.58,914522.36,103817.56,113467.94,2914,596.92,536.06,0.12407344529006377,0.5669260700389105
Europe,All,2015-10,3947,1318,8765,780877.85,701536.77,79341.99,74250.87,2165,592.47,532.27,0.10584031112153963,0.5485178616670889
Europe,All,2016-08,133,40,313,27253.63,24404.05,2849.62,1194.29,57,681.34,610.1,0.04893818853837785,0.42857142857142855
Europe,All,2016-09,850,286,1857,163844.04,147489.7,16354.56,19897.61,517,572.88,515.7,0.1349084715746252,0.6082352941176471
Europe,All,2016-10,980,312,2221,195124.2,175139.8,19984.71,22052.32,576,625.4,561.35,0.1259126709063274,0.5877551020408164
Europe,All,2016-11,988,323,2212,194659.65,174581.39,20078.51,18713.64,521,602.66,540.5,0.10719149389290576,0.5273279352226721
Europe,All,2016-12,921,313,2041,180441.81,162640.51,17801.5,18255.6,480,576.49,519.62,0.11224509810009817,0.5211726384364821
Europe,All,2017-01,563,188,1258,114012.87,102391.28,11621.73,11721.14,324,606.45,544.63,0.11447400598957254,0.5754884547069272
Europe,All,2017-06,2154,734,4475,450552.06,404611.11,45941.44,43381.99,1151,613.83,551.24,0.10721897873738563,0.5343546889507892
Europe,All,2017-07,5318,1776,11091,1104373.34,992423.42,111951.16,113026.7,2913,621.83,558.8,0.11388959361720825,0.5477623166603987
Europe,All,2017-08,5305,1768,11095,1109337.15,996507.87,112830.56,131501.16,2994,627.45,563.64,0.1319619884186163,0.564373232799246
Europe,All,2017-09,5189,1723,10502,1143775.09,1027111.72,116664.51,122462.39,2814,663.83,596.12,0.11922986332976514,0.5423010213914049
Europe,All,2017-10,2255,2101,2490,1073994.16,966081.41,107913.68,113447.17,1210,511.18,459.82,0.11743023809970632,0.5365853658536586
Europe,All,2017-11,682,682,682,201623.26,181153.87,20469.51,19361.7,380,295.64,265.62,0.10687985854235409,0.5571847507331378
Europe,Consumer,2015-05,60,23,121,10883.52,9863.13,1020.4,1695.12,33,473.2,428.83,0.17186430676671602,0.55
Europe,Consumer,2015-06,2670,890,5907,535247.83,479756.89,55491.63,60763.22,1527,601.4,539.05,0.12665418937495612,0.5719101123595506
Europe,Consumer,2015-07,2688,899,5945,527297.43,474008.13,53289.92,61223.24,1452,586.54,527.26,0.12916073823459526,0.5401785714285714
Europe,Consumer,2015-08,2709,893,6081,530694.29,476855.15,53839.72,56663.4,1483,594.28,533.99,0.11882727910142105,0.5474344776670358
Europe,Consumer,2015-09,2709,901,5971,535371.13,481417.61,53954.21,68083.11,1574,594.2,534.31,0.1414221428252282,0.5810262089331857
Europe,Consumer,2015-10,1979,665,4407,392735.09,352442.02,40293.54,31251.16,1110,590.58,529.99,0.08867035775132602,0.56088933804952
Europe,Consumer,2016-08,77,24,193,15537.03,13886.58,1650.48,526.99,37,647.38,578.61,0.03794958873963208,0.4805194805194805
Europe,Consumer,2016-09,456,148,996,87579.21,79056.97,8522.34,10201.07,270,591.75,534.17,0.12903441657326356,0.5921052631578947
Europe,Consumer,2016-10,563,176,1254,113362.05,101751.99,11610.21,12479.49,338,644.1,578.14,0.1226461516870579,0.6003552397868561
Europe,Consumer,2016-11,513,168,1156,102442.63,91632.98,10809.77,12266.75,260,609.78,545.43,0.1338682862873171,0.50682261208577
Europe,Consumer,2016-12,503,173,1140,100401.61,90842.94,9558.78,9742.52,263,580.36,525.1,0.1072457584485927,0.5228628230616302
Europe,Consumer,2017-01,272,93,618,55122.58,49426.74,5695.91,5220.28,162,592.72,531.47,0.1056165144616052,0.5955882352941176
Europe,Consumer,2017-06,1054,368,2141,217457.37,195823.17,21634.44,24841.69,548,590.92,532.13,0.12685776662690118,0.5199240986717267
Europe,Consumer,2017-07,2817,938,5923,589456.71,528720.74,60736.59,61960.73,1582,628.42,563.67,0.11718989877340541,0.5615903443379482
Europe,Consumer,2017-08,2849,939,5884,592000.24,532142.34,59858.59,71638.58,1619,630.46,566.71,0.13462296572755328,0.5682695682695683
Europe,Consumer,2017-09,2651,881,5478,588507.7,529596.54,58911.7,61074.84,1412,668.0,601.13,0.11532333651575592,0.5326291965296115
Europe,Consumer,2017-10,1153,1075,1269,562802.93,507711.61,55091.84,67161.68,640,523.54,472.29,0.13228312821130878,0.5550737207285342
Europe,Consumer,2017-11,385,385,385,114665.9,102773.45,11892.51,10305.13,217,297.83,266.94,0.10027035192454863,0.5636363636363636
Europe,Corporate,2015-05,46,13,106,8908.78,7862.51,1046.29,1620.43,34,685.29,604.81,0.20609576331222473,0.7391304347826086
Europe,Corporate,2015-06,1559,522,3352,313304.13,281780.59,31523.87,32140.53,769,600.2,539.81,0.11406225673670424,0.4932649134060295
Europe,Corporate,2015-07,1668,551,3725,330451.75,297649.56,32802.55,38642.24,950,599.73,540.2,0.1298246165725896,0.5695443645083933
Europe,Corporate,2015-08,1651,551,3583,322081.07,289370.15,32711.33,44385.42,949,584.54,525.17,0.15338631161507155,0.5748031496062992
Europe,Corporate,2015-09,1541,506,3402,306729.01,276123.44,30605.88,26945.32,832,606.18,545.7,0.09758432677790774,0.5399091499026606
Europe,Corporate,2015-10,1248,411,2758,245989.45,221293.19,24696.55,26363.04,643,598.51,538.43,0.11913172746075015,0.5152243589743589
Europe,Corporate,2016-08,41,12,93,8676.91,7855.91,821.01,695.03,9,723.08,654.66,0.08847224573601276,0.21951219512195122
Europe,Corporate,2016-09,230,81,502,45075.53,40360.45,4715.17,6872.24,145,556.49,498.28,0.17027163968687167,0.6304347826086957
Europe,Corporate,2016-10,284,91,647,55703.61,49891.95,5811.77,7138.05,162,612.13,548.26,0.14307017464741306,0.5704225352112676
Europe,Corporate,2016-11,336,108,734,64888.29,58070.73,6817.68,3980.31,179,600.82,537.69,0.06854244814900724,0.5327380952380952
Europe,Corporate,2016-12,256,85,542,49365.08,44465.42,4899.7,4551.48,130,580.77,523.12,0.10235999120215215,0.5078125
Europe,Corporate,2017-01,154,50,338,30802.15,27907.79,2894.4,3223.99,86,616.04,558.16,0.11552294180227099,0.5584415584415584
Europe,Corporate,2017-06,682,230,1428,144628.48,129660.46,14968.18,10027.45,352,628.82,563.74,0.07733622108081369,0.5161290322580645
Europe,Corporate,2017-07,1614,534,3374,334417.82,301177.72,33240.52,35079.94,860,626.25,564.0,0.11647588008834119,0.5328376703841388
Europe,Corporate,2017-08,1550,520,3274,322278.55,289744.06,32534.89,34726.6,883,619.77,557.2,0.11985267273468868,0.5696774193548387
Europe,Corporate,2017-09,1557,508,3092,340644.34,305178.69,35466.05,37525.68,860,670.56,600.75,0.1229629762156722,0.552344251766217
Europe,Corporate,2017-10,702,650,776,321969.64,288162.12,33807.79,35376.79,354,495.34,443.33,0.12276696881602621,0.5042735042735043
Europe,Corporate,2017-11,194,194,194,57156.02,51748.97,5407.08,6117.58,93,294.62,266.75,0.11821645918749686,0.4793814432989691
Europe,Home Office,2015-05,15,5,28,2814.62,2505.64,308.98,-358.1,7,562.92,501.13,-0.142917577944158,0.4666666666666667
Europe,Home Office,2015-06,905,313,1944,175454.19,158704.57,16749.86,17243.41,482,560.56,507.04,0.10865099851882022,0.532596685082873
Europe,Home Office,2015-07,943,313,2130,180331.99,161279.09,19053.2,15758.58,537,576.14,515.27,0.09771000071987014,0.5694591728525981
Europe,Home Office,2015-08,913,318,1948,176719.31,158967.56,17751.96,16930.95,504,555.72,499.9,0.1065056921047288,0.552026286966046
Europe,Home Office,2015-09,890,299,1993,176238.44,156981.31,19257.47,18439.51,508,589.43,525.02,0.1174630916253661,0.5707865168539326
Europe,Home Office,2015-10,720,242,1600,142153.31,127801.56,14351.9,16636.67,412,587.41,528.11,0.13017579754112546,0.5722222222222222
Europe,Home Office,2016-08,15,4,27,3039.69,2661.56,378.13,-27.73,11,759.92,665.39,-0.01041870181397376,0.7333333333333333
Europe,Home Office,2016-09,164,57,359,31189.3,28072.28,3117.05,2824.3,102,547.18,492.5,0.1006081444043733,0.6219512195121951
Europe,Home Office,2016-10,133,45,320,26058.54,23495.86,2562.73,2434.78,76,579.08,522.13,0.10362591537402759,0.5714285714285714
Europe,Home Office,2016-11,139,47,322,27328.73,24877.68,2451.06,2466.58,82,581.46,529.31,0.09914831286518679,0.5899280575539568
Europe,Home Office,2016-12,162,55,359,30675.12,27332.15,3343.02,3961.6,87,557.73,496.95,0.14494286033114848,0.5370370370370371
Europe,Home Office,2017-01,137,45,302,28088.14,25056.75,3031.42,3276.87,76,624.18,556.82,0.13077793408961658,0.5547445255474452
Europe,Home Office,2017-06,418,136,906,88466.21,79127.48,9338.82,8512.85,251,650.49,581.82,0.1075839897845856,0.6004784688995215
Europe,Home Office,2017-07,887,304,1794,180498.81,162524.96,17974.05,15986.03,471,593.75,534.62,0.09836046106394981,0.5310033821871477
Europe,Home Office,2017-08,906,309,1937,195058.36,174621.47,20437.08,25135.98,492,631.26,565.12,0.14394552972208974,0.543046357615894
Europe,Home Office,2017-09,981,334,1932,214623.05,192336.49,22286.76,23861.87,542,642.58,575.86,0.12406314579204393,0.5524974515800204
Europe,Home Office,2017-10,400,376,445,189221.59,170207.68,19014.05,10908.7,216,503.25,452.68,0.06409052752496246,0.54
Europe,Home Office,2017-11,103,103,103,29801.34,26631.45,3169.92,2938.99,70,289.33,258.56,0.11035786635725804,0.6796116504854369
LATAM,All,2015-01,5322,1787,11854,1051590.06,945382.15,106209.28,111660.74,2880,588.47,529.03,0.11811174983576747,0.5411499436302142
LATAM,All,2015-02,4729,1585,10438,927009.88,833012.42,93998.57,99140.66,2594,584.86,525.56,0.11901462405566533,0.5485303446817509
LATAM,All,2015-03,5362,1781,12062,1051253.67,944050.1,107204.88,113778.21,2936,590.26,530.07,0.1205213685163531,0.5475568817605371
LATAM,All,2015-04,5126,1710,11287,1014463.26,912004.39,102460.16,108083.68,2760,593.25,533.34,0.11851223654745784,0.538431525555989
LATAM,All,2015-05,5236,1735,11647,1027871.5,923708.48,104164.25,109190.45,2877,592.43,532.4,0.11820877729735685,0.5494652406417112
LATAM,All,2017-01,2240,743,4967,439543.32,395037.67,44506.17,49674.9,1216,591.58,531.68,0.12574724835735288,0.5428571428571428
LATAM,All,2017-02,4906,1614,11070,992534.88,891924.28,100611.81,115111.07,2682,614.95,552.62,0.12905924032026575,0.5466775377089278
LATAM,All,2017-03,5347,1782,11676,1048004.76,942290.42,105715.63,118688.9,2955,588.11,528.78,0.12595787612910253,0.5526463437441556
LATAM,All,2017-04,5212,1739,11189,1038321.6,932318.19,106004.69,115961.06,2803,597.08,536.12,0.12437927441917655,0.5377973906369916
LATAM,All,2017-05,5317,1763,11033,1105485.3,993199.04,112287.53,115014.64,2843,627.05,563.36,0.11580220617208813,0.5347000188075983
LATAM,All,2017-06,2797,942,5719,581534.41,522834.85,58700.18,67017.3,1498,617.34,555.03,0.1281806291221788,0.53557382910261
LATAM,Consumer,2015-01,2763,928,6082,547482.5,491967.89,55515.41,62962.4,1545,589.96,530.14,0.12798071028578714,0.5591748099891423
LATAM,Consumer,2015-02,2418,815,5309,476562.84,428519.87,48043.58,50244.79,1341,584.74,525.79,0.11725194913365394,0.5545905707196029
LATAM,Consumer,2015-03,2795,946,6465,548665.65,492583.95,56082.42,54391.32,1550,579.98,520.7,0.110420406511418,0.554561717352415
LATAM,Consumer,2015-04,2728,907,6023,546105.86,491956.84,54149.76,60452.13,1484,602.1,542.4,0.12288096248443256,0.5439882697947214
LATAM,Consumer,2015-05,2663,884,5988,518669.8,466933.23,51737.12,53852.56,1455,586.73,528.21,0.11533246412982859,0.5463762673676305
LATAM,Consumer,2017-01,1278,417,2847,253668.72,228256.73,25412.25,25912.72,675,608.32,547.38,0.11352445117390406,0.528169014084507
LATAM,Consumer,2017-02,2455,825,5522,491386.43,442311.89,49075.18,55119.85,1311,595.62,536.14,0.12461760862906036,0.5340122199592668
LATAM,Consumer,2017-03,2604,871,5678,508047.42,455757.88,52290.25,54047.58,1475,583.29,523.26,0.11858836099553562,0.5664362519201229
LATAM,Consumer,2017-04,2795,923,5979,553031.44,496275.86,56756.3,64501.54,1470,599.17,537.68,0.12997114145346503,0.5259391771019678
LATAM,Consumer,2017-05,2687,895,5635,555613.62,498873.03,56741.21,54896.79,1459,620.8,557.4,0.11004160718008749,0.5429847413472274
LATAM,Consumer,2017-06,1412,473,2817,290404.4,261291.18,29113.49,31864.53,760,613.96,552.41,0.12195027019281707,0.5382436260623229
LATAM,Corporate,2015-01,1613,528,3673,317973.66,286082.85,31891.23,28959.29,830,602.22,541.82,0.10122693478480099,0.5145691258524488
LATAM,Corporate,2015-02,1403,475,3165,274771.08,246212.44,28559.01,32128.64,766,578.47,518.34,0.13049153812049463,0.5459729151817534
LATAM,Corporate,2015-03,1628,524,3598,321220.89,287395.76,33825.52,39504.57,884,613.02,548.47,0.13745703833626494,0.542997542997543
LATAM,Corporate,2015-04,1487,500,3289,292889.83,262923.83,29966.34,29448.55,816,585.78,525.85,0.11200411160905421,0.5487558843308675
LATAM,Corporate,2015-05,1636,537,3583,324420.26,290940.16,33480.54,33116.71,948,604.13,541.79,0.113826533951174,0.5794621026894865
LATAM,Corporate,2017-01,610,207,1340,120794.89,108629.75,12165.3,14241.07,340,583.55,524.78,0.13109732831015444,0.5573770491803278
LATAM,Corporate,2017-02,1601,501,3618,325899.2,292328.89,33570.7,39792.71,881,650.5,583.49,0.13612308383204957,0.5502810743285447
LATAM,Corporate,2017-03,1714,573,3769,335368.65,302171.23,33197.79,39134.97,881,585.29,527.35,0.12951256147052784,0.5140023337222871
LATAM,Corporate,2017-04,1475,493,3177,295931.4,265532.86,30398.93,31574.6,810,600.27,538.61,0.11891032996820054,0.5491525423728814
LATAM,Corporate,2017-05,1692,561,3454,355405.75,319789.13,35617.03,41593.1,870,633.52,570.03,0.1300641457075167,0.5141843971631206
LATAM,Corporate,2017-06,840,285,1791,174439.17,156489.83,17949.55,21079.61,427,612.07,549.09,0.13470274713698646,0.5083333333333333
LATAM,Home Office,2015-01,946,331,2099,186133.9,167331.41,18802.64,19739.05,505,562.34,505.53,0.11796380607801009,0.5338266384778013
LATAM,Home Office,2015-02,908,295,1964,175675.96,158280.11,17395.98,16767.23,487,595.51,536.54,0.1059339041399453,0.5363436123348018
LATAM,Home Office,2015-03,939,311,1999,181367.13,164070.39,17296.94,19882.32,502,583.17,527.56,0.12118164648721806,0.5346112886048988
LATAM,Home Office,2015-04,911,303,1975,175467.57,157123.72,18344.06,18183.0,460,579.1,518.56,0.115724093090464,0.5049396267837541
LATAM,Home Office,2015-05,937,314,2076,184781.44,165835.09,18946.59,22221.18,474,588.48,528.14,0.1339956459154694,0.5058697972251868
LATAM,Home Office,2017-01,352,119,780,65079.71,58151.19,6928.62,9521.11,201,546.89,488.67,0.16373026932036988,0.5710227272727273
LATAM,Home Office,2017-02,850,288,1930,175249.25,157283.5,17965.93,20198.51,490,608.5,546.12,0.1284210359001421,0.5764705882352941
LATAM,Home Office,2017-03,1029,338,2229,204588.69,184361.31,20227.59,25506.35,599,605.29,545.45,0.1383497980134769,0.5821185617103984
LATAM,Home Office,2017-04,942,323,2033,189358.76,170509.47,18849.46,19884.92,523,586.25,527.89,0.11662061937087718,0.5552016985138004
LATAM,Home Office,2017-05,938,307,1944,194465.93,174536.88,19929.29,18524.75,514,633.44,568.52,0.10613659416852186,0.5479744136460555
LATAM,Home Office,2017-06,545,184,1111,116690.84,105053.84,11637.14,14073.16,311,634.19,570.94,0.13396140493293723,0.5706422018348624
Pacific Asia,All,2015-10,1355,457,2938,268276.4,241594.32,26682.43,27507.0,741,587.04,528.65,0.11385615357182238,0.5468634686346864
Pacific Asia,All,2015-11,5235,1729,11463,1029120.22,924602.56,104518.97,104427.36,2841,595.21,534.76,0.11294297086955934,0.5426934097421203
Pacific Asia,All,2015-12,5371,1805,11790,1057840.86,950526.91,107315.25,110641.55,2937,586.06,526.61,0.11640022900561542,0.5468255445913238
Pacific Asia,All,2016-01,5317,1772,11597,1046308.23,940283.62,106025.88,106780.95,2955,590.47,530.63,0.1135624908578116,0.5557645288696633
Pacific Asia,All,2016-02,4894,1650,10765,968542.83,870116.74,98427.3,86809.49,2650,587.0,527.34,0.09976763577724065,0.5414793624846751
Pacific Asia,All,2016-03,5210,1764,11349,1025853.1,921487.72,104366.66,101259.99,2905,581.55,522.39,0.10988750886446974,0.5575815738963532
Pacific Asia,All,2016-04,159,50,388,31615.07,28736.63,2878.5,5964.79,89,632.3,574.73,0.20756748442667075,0.559748427672956
Pacific Asia,All,2016-08,429,144,885,82106.42,73766.4,8340.11,2269.79,254,570.18,512.27,0.030769971152177694,0.5920745920745921
Pacific Asia,All,2016-09,1530,517,3343,297721.68,267251.08,30470.96,36287.32,834,575.86,516.93,0.13577988160047846,0.5450980392156862
Pacific Asia,All,2016-10,1862,622,4032,359156.62,322445.36,36711.67,41592.01,1051,577.42,518.4,0.1289893270599397,0.5644468313641245
Pacific Asia,All,2016-11,1577,523,3439,312580.48,280477.69,32103.19,35610.91,870,597.67,536.29,0.1269652142386084,0.5516804058338618
Pacific Asia,All,2016-12,1663,560,3752,328521.18,296349.5,32172.06,31404.51,888,586.64,529.2,0.10597119279769326,0.533974744437763
Pacific Asia,All,2017-01,1038,364,2319,205248.46,183690.87,21557.85,19088.7,578,563.87,504.65,0.10391752186703673,0.5568400770712909
Pacific Asia,All,2017-11,1373,1373,1373,425291.11,382239.6,43052.07,48429.55,752,309.75,278.4,0.12669945761768275,0.5477057538237436
Pacific Asia,All,2017-12,2124,2124,2124,503910.81,452741.53,51170.48,65837.63,1172,237.25,213.16,0.14541990437678645,0.551789077212806
Pacific Asia,All,2018-01,2123,2123,2123,331650.11,297952.05,33699.93,33841.89,1195,156.22,140.34,0.11358166523774547,0.5628827131417805
Pacific Asia,Consumer,2015-10,684,228,1480,136243.01,122888.72,13354.47,14680.88,385,597.56,538.99,0.1194648296442505,0.5628654970760234
Pacific Asia,Consumer,2015-11,2693,902,5977,533532.73,478963.51,54569.9,57617.46,1497,591.5,531.0,0.12029613696458838,0.5558856294095804
Pacific Asia,Consumer,2015-12,2719,919,5898,535432.57,481853.93,53579.28,57324.49,1496,582.63,524.32,0.11896652996064595,0.550202280250092
Pacific Asia,Consumer,2016-01,2689,904,5961,527335.15,473189.59,54146.27,48443.0,1455,583.34,523.44,0.10237545589284835,0.5410933432502789
Pacific Asia,Consumer,2016-02,2553,871,5632,504990.78,453237.57,51753.86,44059.47,1388,579.78,520.36,0.09721054236523244,0.5436741088915001
Pacific Asia,Consumer,2016-03,2708,915,5957,539812.56,485296.02,54517.27,53350.72,1490,589.96,530.38,0.10993438602690374,0.5502215657311669
Pacific Asia,Consumer,2016-04,65,24,160,12275.18,10991.93,1283.27,2626.84,30,511.47,458.0,0.2389789600188502,0.46153846153846156
Pacific Asia,Consumer,2016-08,221,77,477,43216.82,38785.06,4431.8,1499.3,128,561.26,503.7,0.03865663737531926,0.579185520361991
Pacific Asia,Consumer,2016-09,777,260,1694,155949.51,140036.23,15913.46,19552.26,434,599.81,538.6,0.1396228675964784,0.5585585585585585
Pacific Asia,Consumer,2016-10,1034,338,2241,196383.69,176633.17,19750.7,23340.01,560,581.02,522.58,0.1321383180746855,0.5415860735009671
Pacific Asia,Consumer,2016-11,864,288,1870,170565.14,153208.81,17356.52,18716.38,458,592.24,531.98,0.12216255710099179,0.5300925925925926
Pacific Asia,Consumer,2016-12,855,286,1905,171096.04,154472.83,16623.39,17079.2,426,598.24,540.11,0.11056442741419316,0.4982456140350877
Pacific Asia,Consumer,2017-01,552,196,1264,108204.05,97002.21,11201.98,7214.07,304,552.06,494.91,0.07437016125715074,0.5507246376811594
Pacific Asia,Consumer,2017-11,658,658,658,210143.39,189728.89,20414.75,25161.62,358,319.37,288.34,0.1326188120322635,0.5440729483282675
Pacific Asia,Consumer,2017-12,1143,1143,1143,278849.77,251145.38,27705.01,43002.48,610,243.96,219.72,0.17122544718919377,0.5336832895888014
Pacific Asia,Consumer,2018-01,1069,1069,1069,162830.24,146373.36,16457.91,11961.25,573,152.32,136.93,0.08171739720943758,0.5360149672591207
Pacific Asia,Corporate,2015-10,403,139,882,80321.27,72296.67,8024.7,6689.6,210,577.85,520.12,0.09252984957675091,0.5210918114143921
Pacific Asia,Corporate,2015-11,1582,518,3443,303815.09,273160.58,30654.86,23562.54,843,586.52,527.34,0.08625893238328898,0.5328697850821744
Pacific Asia,Corporate,2015-12,1700,568,3758,336029.03,300944.94,35084.55,33959.04,938,591.6,529.83,0.1128413722457005,0.5517647058823529
Pacific Asia,Corporate,2016-01,1681,556,3559,330304.83,297414.47,32890.66,36241.36,973,594.07,534.92,0.12185473020192998,0.5788221296847115
Pacific Asia,Corporate,2016-02,1439,488,3127,283960.26,255060.87,28899.71,29754.17,783,581.89,522.67,0.11665517333176195,0.5441278665740097
Pacific Asia,Corporate,2016-03,1527,519,3289,297087.81,266567.05,30521.13,31573.18,851,572.42,513.62,0.1184436711138905,0.5573018991486575
Pacific Asia,Corporate,2016-04,50,14,124,11229.9,10119.26,1110.66,1666.06,29,802.14,722.8,0.164642473856784,0.58
Pacific Asia,Corporate,2016-08,126,38,249,23534.38,20893.66,2640.77,1859.75,71,619.33,549.83,0.08901025478542295,0.5634920634920635
Pacific Asia,Corporate,2016-09,523,175,1142,96812.53,86651.44,10161.21,12790.44,298,553.21,495.15,0.1476079335784841,0.5697896749521989
Pacific Asia,Corporate,2016-10,517,176,1149,100127.11,89876.22,10251.03,11370.21,286,568.9,510.66,0.12650965961852867,0.5531914893617021
Pacific Asia,Corporate,2016-11,434,142,989,86751.49,77422.55,9329.07,9867.47,279,610.93,545.23,0.12744956088374768,0.6428571428571429
Pacific Asia,Corporate,2016-12,470,161,1046,92795.38,83510.8,9284.68,8893.88,270,576.37,518.7,0.10649975811511803,0.574468085106383
Pacific Asia,Corporate,2017-01,348,116,752,69822.37,62471.9,7350.56,6895.89,201,601.92,538.55,0.11038386858731686,0.5775862068965517
Pacific Asia,Corporate,2017-11,475,475,475,146039.56,130379.24,15660.53,16547.16,258,307.45,274.48,0.12691560404862,0.5431578947368421
Pacific Asia,Corporate,2017-12,614,614,614,152231.34,136091.31,16140.39,14541.36,357,247.93,221.65,0.10685002591274932,0.5814332247557004
Pacific Asia,Corporate,2018-01,619,619,619,104730.19,94169.02,10561.62,11897.4,364,169.19,152.13,0.12634091339168654,0.5880452342487884
Pacific Asia,Home Office,2015-10,268,90,576,51712.12,46408.93,5303.26,6136.52,146,574.58,515.65,0.13222713818224208,0.5447761194029851
Pacific Asia,Home Office,2015-11,960,309,2043,191772.4,172478.47,19294.21,23247.36,501,620.62,558.18,0.13478412696958642,0.521875
Pacific Asia,Home Office,2015-12,952,318,2134,186379.26,167728.04,18651.42,19358.02,503,586.1,527.45,0.11541314141630701,0.5283613445378151
Pacific Asia,Home Office,2016-01,947,312,2077,188668.25,169679.56,18988.95,22096.59,527,604.71,543.84,0.1302254084110072,0.5564941921858501
Pacific Asia,Home Office,2016-02,902,291,2006,179591.79,161818.3,17773.73,12995.85,479,617.15,556.08,0.08031137392989546,0.5310421286031042
Pacific Asia,Home Office,2016-03,975,330,2103,188952.73,169624.65,19328.26,16336.09,564,572.58,514.01,0.09630728788533978,0.5784615384615385
Pacific Asia,Home Office,2016-04,44,12,104,8109.99,7625.44,484.57,1671.89,30,675.83,635.45,0.2192516103988753,0.6818181818181818
Pacific Asia,Home Office,2016-08,82,29,159,15355.22,14087.68,1267.54,-1089.26,55,529.49,485.78,-0.07732004134108668,0.6707317073170732
Pacific Asia,Home Office,2016-09,230,82,507,44959.64,40563.41,4396.29,3944.62,102,548.29,494.68,0.09724576903174559,0.4434782608695652
Pacific Asia,Home Office,2016-10,311,108,642,62645.82,55935.97,6709.94,6881.79,205,580.05,517.93,0.12302977851282457,0.6591639871382636
Pacific Asia,Home Office,2016-11,279,93,580,55263.85,49846.33,5417.6,7027.06,133,594.23,535.98,0.14097447093898385,0.4767025089605735
Pacific Asia,Home Office,2016-12,338,113,801,64629.76,58365.87,6263.99,5431.43,192,571.94,516.51,0.09305832329750247,0.5680473372781065
Pacific Asia,Home Office,2017-01,138,52,303,27222.04,24216.76,3005.31,4978.74,73,523.5,465.71,0.20559067356657124,0.5289855072463768
Pacific Asia,Home Office,2017-11,240,240,240,69108.16,62131.47,6976.79,6720.77,136,287.95,258.88,0.1081701430852996,0.5666666666666667
Pacific Asia,Home Office,2017-12,367,367,367,72829.7,65504.84,7325.08,8293.79,205,198.45,178.49,0.12661339223178011,0.55858310626703
Pacific Asia,Home Office,2018-01,435,435,435,64089.68,57409.67,6680.4,9983.24,258,147.33,131.98,0.1738947463031925,0.593103448275862
USCA,All,2016-04,4938,1656,10820,969596.49,871756.28,97841.34,109011.83,2726,585.51,526.42,0.1250485170006461,0.5520453624949372
USCA,All,2016-05,5302,1763,11603,1029400.18,924978.21,104423.22,110716.12,2951,583.89,524.66,0.11969592235043029,0.5565824217276499
USCA,All,2016-06,5054,1690,11008,1003059.53,901448.0,101612.76,104196.07,2873,593.53,533.4,0.11558744375715516,0.5684606252473289
USCA,All,2016-07,5305,1758,11652,1045715.6,939216.39,106500.52,119941.72,2755,594.83,534.25,0.1277040320814674,0.5193213949104618
USCA,All,2016-08,4288,1417,9461,842099.74,757246.09,84854.62,98509.66,2378,594.28,534.4,0.13008936104245847,0.554570895522388
USCA,All,2016-09,193,58,444,33216.65,29695.62,3521.07,1737.1,116,572.7,511.99,0.05849684229526105,0.6010362694300518
USCA,All,2016-10,173,58,379,31824.83,28720.44,3104.42,4002.22,63,548.7,495.18,0.13935092916403788,0.36416184971098264
USCA,All,2016-11,219,68,509,47801.35,43343.07,4458.31,6924.61,126,702.96,637.4,0.15976279483663708,0.5753424657534246
USCA,All,2016-12,209,70,474,40751.05,36581.37,4169.71,5087.89,103,582.16,522.59,0.1390841841079216,0.49282296650717705
USCA,All,2017-01,118,41,266,23063.19,20514.4,2548.85,4186.56,47,562.52,500.35,0.2040790859103849,0.3983050847457627
USCA,Consumer,2016-04,2544,863,5550,502236.03,452231.07,50005.56,54588.35,1380,581.97,524.02,0.12070897738185038,0.5424528301886793
USCA,Consumer,2016-05,2805,942,6088,539841.15,484857.27,54984.51,63626.83,1558,573.08,514.71,0.13122795910639848,0.5554367201426025
USCA,Consumer,2016-06,2645,887,5645,521058.74,467881.96,53177.42,57407.72,1501,587.44,527.49,0.12269701528992483,0.5674858223062382
USCA,Consumer,2016-07,2778,917,6098,554767.88,498315.89,56452.74,59785.22,1393,604.98,543.42,0.11997454064729904,0.5014398848092153
USCA,Consumer,2016-08,2284,757,4979,453283.21,407957.18,45326.59,56019.39,1260,598.79,538.91,0.13731683800736147,0.5516637478108581
USCA,Consumer,2016-09,96,25,219,17509.91,15364.63,2145.31,843.21,58,700.4,614.59,0.054879941788380196,0.6041666666666666
USCA,Consumer,2016-10,102,37,221,19595.67,17800.63,1795.06,2448.44,25,529.61,481.1,0.13754794071895207,0.24509803921568626
USCA,Consumer,2016-11,104,32,241,22396.33,20203.44,2192.91,4551.08,65,699.89,631.36,0.22526262854246604,0.625
USCA,Consumer,2016-12,86,29,214,16518.96,14909.54,1609.44,1415.17,37,569.62,514.12,0.0949170799367385,0.43023255813953487
USCA,Consumer,2017-01,63,20,148,13083.28,11701.75,1381.57,2226.73,22,654.16,585.09,0.1902903411882838,0.3492063492063492
USCA,Corporate,2016-04,1629,538,3588,318083.08,285127.61,32955.87,34797.3,892,591.23,529.98,0.12204114501573525,0.5475751995089012
USCA,Corporate,2016-05,1601,527,3558,314918.74,283129.6,31789.56,30567.39,844,597.57,537.25,0.10796253729740728,0.5271705184259837
USCA,Corporate,2016-06,1510,513,3436,300015.66,270342.99,29673.04,25934.97,902,584.83,526.98,0.09593357682401901,0.5973509933774834
USCA,Corporate,2016-07,1504,504,3296,289152.23,259542.3,29610.29,36925.67,812,573.71,514.96,0.14227226159281164,0.5398936170212766
USCA,Corporate,2016-08,1224,399,2781,239081.97,214827.88,24254.3,30078.31,684,599.2,538.42,0.14001120338756776,0.5588235294117647
USCA,Corporate,2016-09,59,19,137,9079.65,8261.74,817.92,-521.27,33,477.88,434.83,-0.06309445709983612,0.559322033898305
USCA,Corporate,2016-10,55,15,114,8685.81,7908.02,777.8,1214.33,34,579.05,527.2,0.15355676895101428,0.6181818181818182
USCA,Corporate,2016-11,42,14,116,9268.67,8340.41,928.26,621.08,24,662.05,595.74,0.07446636316440078,0.5714285714285714
USCA,Corporate,2016-12,76,26,172,15225.22,13485.48,1739.75,1825.8,39,585.59,518.67,0.13539006397992506,0.5131578947368421
USCA,Corporate,2017-01,41,15,97,7360.17,6589.49,770.68,1274.56,21,490.68,439.3,0.19342316324935618,0.5121951219512195
USCA,Home Office,2016-04,765,255,1682,149277.38,134397.6,14879.91,19626.18,454,585.4,527.05,0.1460307326916552,0.5934640522875817
USCA,Home Office,2016-05,896,294,1957,174640.29,156991.34,17649.15,16521.9,549,594.01,533.98,0.10524083685125563,0.6127232142857143
USCA,Home Office,2016-06,899,290,1927,181985.13,163223.05,18762.3,20853.38,470,627.53,562.84,0.12776001918846633,0.5228031145717463
USCA,Home Office,2016-07,1023,337,2258,201795.49,181358.2,20437.49,23230.83,550,598.8,538.15,0.12809362907218974,0.5376344086021505
USCA,Home Office,2016-08,780,261,1701,149734.56,134461.03,15273.73,12411.96,434,573.7,515.18,0.0923089760654072,0.5564102564102564
USCA,Home Office,2016-09,38,14,88,6627.09,6069.25,557.84,1415.16,25,473.36,433.52,0.23316884293776002,0.6578947368421053
USCA,Home Office,2016-10,16,6,44,3543.35,3011.79,531.56,339.45,4,590.56,501.96,0.11270706124929031,0.25
USCA,Home Office,2016-11,73,22,152,16136.35,14799.22,1337.14,1752.45,37,733.47,672.69,0.11841502457561952,0.5068493150684932
USCA,Home Office,2016-12,47,15,88,9006.87,8186.35,820.52,1846.92,27,600.46,545.76,0.2256097039584186,0.574468085106383
USCA,Home Office,2017-01,14,6,21,2619.74,2223.16,396.6,685.27,4,436.62,370.53,0.30824142211986544,0.2857142857142857
