order_year_month,records,orders,units,gross_sales,net_sales,discount,profit,late_records,gross_aov,net_aov,profit_margin_net,late_delivery_rate_row,gross_sales_yoy,profit_yoy
2015-01,5322,1787,11854,1051590.06,945382.15,106209.28,111660.74,2880,588.47,529.03,0.11811174983576747,0.5411499436302142,,
2015-02,4729,1585,10438,927009.88,833012.42,93998.57,99140.66,2594,584.86,525.56,0.11901462405566533,0.5485303446817509,,
2015-03,5362,1781,12062,1051253.67,944050.1,107204.88,113778.21,2936,590.26,530.07,0.1205213685163531,0.5475568817605371,,
2015-04,5126,1710,11287,1014463.26,912004.39,102460.16,108083.68,2760,593.25,533.34,0.11851223654745784,0.538431525555989,,
2015-05,5357,1776,11902,1050478.42,943939.76,106539.92,112147.9,2951,591.49,531.5,0.11880832310739829,0.5508680231472839,,
2015-06,5134,1725,11203,1024006.15,920242.05,103765.36,110147.16,2778,593.63,533.47,0.11969368276531159,0.5410985586287496,,
2015-07,5299,1763,11800,1038081.17,932936.78,105145.67,115624.06,2939,588.82,529.18,0.12393557900032626,0.5546329496131346,,
2015-08,5273,1762,11612,1029494.67,925192.86,104303.01,117979.77,2936,584.28,525.08,0.12751910990752782,0.5567987862696757,,
2015-09,5140,1706,11366,1018338.58,914522.36,103817.56,113467.94,2914,596.92,536.06,0.12407344529006377,0.5669260700389105,,
2015-10,5302,1775,11703,1049154.25,943131.09,106024.42,101757.87,2906,591.07,531.34,0.10789366513195954,0.5480950584685025,,
2015-11,5235,1729,11463,1029120.22,924602.56,104518.97,104427.36,2841,595.21,534.76,0.11294297086955934,0.5426934097421203,,
2015-12,5371,1805,11790,1057840.86,950526.91,107315.25,110641.55,2937,586.06,526.61,0.11640022900561542,0.5468255445913238,,
2016-01,5317,1772,11597,1046308.23,940283.62,106025.88,106780.95,2955,590.47,530.63,0.1135624908578116,0.5557645288696633,-0.005022708183453184,-0.04370193140400114
2016-02,4894,1650,10765,968542.83,870116.74,98427.3,86809.49,2650,587.0,527.34,0.09976763577724065,0.5414793624846751,0.04480313629451271,-0.12438055183413144
2016-03,5210,1764,11349,1025853.1,921487.72,104366.66,101259.99,2905,581.55,522.39,0.10988750886446974,0.5575815738963532,-0.02416217010685917,-0.1100230000102832
2016-04,5097,1706,11208,1001211.56,900492.91,100719.84,114976.62,2815,586.88,527.84,0.1276818714763673,0.5522856582303316,-0.013062769764574766,0.06377410539685546
2016-05,5302,1763,11603,1029400.18,924978.21,104423.22,110716.12,2951,583.89,524.66,0.11969592235043029,0.5565824217276499,-0.020065371737955195,-0.01276689086465288
2016-06,5054,1690,11008,1003059.53,901448.0,101612.76,104196.07,2873,593.53,533.4,0.11558744375715516,0.5684606252473289,-0.02045556074052879,-0.054028537821583345
2016-07,5305,1758,11652,1045715.6,939216.39,106500.52,119941.72,2755,594.83,534.25,0.1277040320814674,0.5193213949104618,0.0073543670963609475,0.037342227906544734
2016-08,5334,1766,11683,1048200.23,942408.93,105792.52,110729.54,2948,593.54,533.64,0.11749627627149076,0.5526809148856393,0.018169652107086653,-0.061453162690518925
2016-09,5160,1730,11284,1002397.02,900371.62,102026.62,123384.71,2837,579.42,520.45,0.13703753790018394,0.5498062015503876,-0.015654479082978456,0.08739710970341052
2016-10,5398,1776,11936,1048130.53,941882.27,106249.53,116781.97,2957,590.16,530.34,0.12398786315406489,0.547795479807336,-0.000975757377907005,0.14764558259719873
2016-11,5210,1721,11493,1047590.12,941197.35,106394.08,109539.2,2846,608.71,546.89,0.11638281811991927,0.5462571976967371,0.017947271505364126,0.04895115609549072
2016-12,5269,1763,11774,1037408.15,932112.88,105296.6,105002.69,2954,588.43,528.71,0.11265018674562248,0.5606376921617006,-0.01931548569602437,-0.05096512115023699
2017-01,5217,1745,11605,1029698.0,925472.61,104226.64,114843.85,2797,590.08,530.36,0.12409211116469455,0.5361318765574085,-0.01587508300493823,0.07550878691377072
2017-02,4906,1614,11070,992534.88,891924.28,100611.81,115111.07,2682,614.95,552.62,0.12905924032026575,0.5466775377089278,0.024771284507882907,0.3260194248347732
2017-03,5347,1782,11676,1048004.76,942290.42,105715.63,118688.9,2955,588.11,528.78,0.12595787612910253,0.5526463437441556,0.021593403577958803,0.17212040016989927
2017-04,5212,1739,11189,1038321.6,932318.19,106004.69,115961.06,2803,597.08,536.12,0.12437927441917655,0.5377973906369916,0.03706513336701778,0.008562088535912782
2017-05,5317,1763,11033,1105485.3,993199.04,112287.53,115014.64,2843,627.05,563.36,0.11580220617208813,0.5347000188075983,0.07391209121412823,0.038824698697895066
2017-06,4951,1676,10194,1032086.47,927445.96,104641.62,110399.29,2649,615.8,553.37,0.11903581961799693,0.5350434255705918,0.02893840209065157,0.05953410718849561
2017-07,5318,1776,11091,1104373.34,992423.42,111951.16,113026.7,2913,621.83,558.8,0.11388959361720825,0.5477623166603987,0.056093396713217336,-0.057653166888052
2017-08,5305,1768,11095,1109337.15,996507.87,112830.56,131501.16,2994,627.45,563.64,0.1319619884186163,0.564373232799246,0.05832561208272202,0.18758878615408325
2017-09,5189,1723,10502,1143775.09,1027111.72,116664.51,122462.39,2814,663.83,596.12,0.11922986332976514,0.5423010213914049,0.1410399943128322,-0.007475156362567237
2017-10,2255,2101,2490,1073994.16,966081.41,107913.68,113447.17,1210,511.18,459.82,0.11743023809970632,0.5365853658536586,0.02467596283069806,-0.02855577791674524
2017-11,2055,2055,2055,626914.37,563393.47,63521.58,67791.25,1132,305.07,274.16,0.12032665199332183,0.5508515815085158,-0.4015652133107174,-0.3811233786626157
2017-12,2124,2124,2124,503910.81,452741.53,51170.48,65837.63,1172,237.25,213.16,0.14541990437678645,0.551789077212806,-0.5142598310992641,-0.3729910157539773
2018-01,2123,2123,2123,331650.11,297952.05,33699.93,33841.89,1195,156.22,140.34,0.11358166523774547,0.5628827131417805,-0.6779151654174331,-0.7053225749572136
