order_status,records,orders,units,gross_sales,net_sales,discount,profit,late_records,gross_aov,net_aov,profit_margin_net,late_delivery_rate_row
CANCELED,3692,1367,7875,744370.39,668244.98,76126.34,75345.63,0,544.53,488.84,0.11275150918455086,0.0
CLOSED,19616,7249,41458,4022624.09,3617466.81,405162.18,457981.09,11109,554.92,499.03,0.12660270682621688,0.5663234094616639
COMPLETE,59491,21716,126624,12095314.72,10859271.62,1236058.15,1321735.75,34199,556.98,500.06,0.12171495439580872,0.5748600628666521
ON_HOLD,9804,3624,20845,1981542.67,1780237.68,201307.56,208913.04,5450,546.78,491.24,0.1173512067220148,0.5558955528355773
PAYMENT_REVIEW,1893,704,4109,383653.65,345576.16,38078.12,43428.79,1082,544.96,490.88,0.1256706770513336,0.5715795034337031
PENDING,20227,7321,43196,4120532.79,3704456.19,416082.18,435725.85,11712,562.84,506.0,0.1176220820686774,0.5790280318386315
PENDING_PAYMENT,39832,14382,84736,8106697.4,7286275.56,820431.53,843810.24,22922,563.67,506.62,0.11580817017576535,0.5754669612371962
PROCESSING,21902,7901,46623,4504063.66,4051380.73,452688.6,494825.87,12503,570.06,512.77,0.1221375878933995,0.5708611085745594
SUSPECTED_FRAUD,4062,1488,8613,825934.94,741492.31,84443.74,85136.71,0,555.06,498.31,0.11481806197019089,0.0
