product_id,product_name,category_name,records,orders,units,gross_sales,net_sales,discount,profit,late_records,gross_aov,net_aov,profit_margin_net,late_delivery_rate_row
19,Nike Men's Fingertrap Max Training Shoe,Soccer,64,63,64,7999.36,7256.88,742.48,602.38,38,126.97,115.19,0.08300812470372941,0.59375
24,Elevation Training Mask 2.0,Soccer,74,74,231,18477.69,16653.07,1824.64,3299.57,37,249.7,225.04,0.19813583921763375,0.5
35,adidas Brazuca 2014 Official Match Ball,Baseball & Softball,65,65,65,10399.35,9386.55,1012.8,1642.73,36,159.99,144.41,0.17500892234100923,0.5538461538461539
37,adidas Kids' F5 Messi FG Soccer Cleat,Baseball & Softball,262,262,781,27327.19,24626.51,2700.72,2906.33,155,104.3,93.99,0.11801631656292345,0.5916030534351145
44,adidas Men's F10 Messi TRX FG Soccer Cleat,Baseball & Softball,305,303,939,56330.61,50354.21,5976.47,8213.07,158,185.91,166.19,0.163105925006072,0.5180327868852459
58,Diamondback Boys' Insight 24 Performance Hybr,Basketball,29,28,29,8699.71,7666.21,1033.5,1730.81,18,310.7,273.79,0.22577127420198506,0.6206896551724138
60,SOLE E25 Elliptical,Basketball,10,10,10,9999.9,9414.9,585.0,-169.56,7,999.99,941.49,-0.018009750501864086,0.7
61,Diamondback Girls' Clarity 24 Hybrid Bike 201,Basketball,28,27,28,8399.72,7624.22,775.5,284.42,12,311.1,282.38,0.037304799704100874,0.42857142857142855
78,Nike Kids' Grade School KD VI Basketball Shoe,Lacrosse,63,62,186,18598.14,16701.78,1896.36,1976.88,38,299.97,269.38,0.1183634319216275,0.6031746031746031
93,Under Armour Men's Tech II T-Shirt,Lacrosse,280,279,835,20866.65,18714.15,2152.58,2387.41,168,74.79,67.08,0.12757245186129212,0.6
116,Nike Men's Comfort 2 Slide,Tennis & Racquet,328,327,991,44585.09,40077.81,4507.39,5747.98,183,136.35,122.56,0.14342051125049,0.5579268292682927
127,Stiga Master Series ST3100 Competition Indoor,Hockey,27,25,27,8909.73,8154.03,755.7,479.28,14,356.39,326.16,0.058778297357257696,0.5185185185185185
134,Nike Women's Legend V-Neck T-Shirt,Hockey,279,278,801,20025.0,18045.17,1979.92,2772.66,160,72.03,64.91,0.15365108779800912,0.5734767025089605
135,Nike Dri-FIT Crew Sock 6 Pack,Hockey,308,307,883,19426.0,17419.16,2006.84,2145.49,155,63.28,56.74,0.12316839617983877,0.5032467532467533
172,Nike Women's Tempo Shorts,Cardio Equipment,318,318,907,27210.0,24557.4,2652.6,3095.28,176,85.57,77.22,0.12604265923917027,0.5534591194968553
191,Nike Men's Free 5.0+ Running Shoe,Cardio Equipment,12169,11092,36680,3667633.2,3295693.32,371942.59,379915.82,6629,330.66,297.12,0.11527644811320005,0.5447448434546799
203,GoPro HERO3+ Black Edition Camera,Strength Training,32,32,32,12799.68,11601.68,1198.0,245.63,21,399.99,362.55,0.02117193371994401,0.65625
208,SOLE E35 Elliptical,Strength Training,15,15,15,29999.85,26409.85,3590.0,-965.12,6,1999.99,1760.66,-0.0365439409917133,0.4
216,Yakima DoubleDown Ace Hitch Mount 4-Bike Rack,Strength Training,64,64,64,12096.0,10802.31,1293.72,1051.8,37,189.0,168.79,0.09736806294209294,0.578125
226,Bowflex SelectTech 1090 Dumbbells,Fitness Accessories,10,10,10,5999.9,5171.9,828.0,1190.78,6,599.99,517.19,0.2302403372068292,0.6
235,Under Armour Hustle Storm Medium Duffle Bag,Fitness Accessories,299,297,846,29601.54,26579.46,3022.16,4067.61,170,99.67,89.49,0.15303584045725535,0.568561872909699
249,Under Armour Women's Micro G Skulpt Running S,Boxing & MMA,287,286,847,46559.59,41933.23,4626.43,4469.77,164,162.8,146.62,0.10659255201662261,0.5714285714285714
251,Brooks Women's Ghost 6 Running Shoe,Boxing & MMA,66,66,212,19077.88,16968.91,2108.98,2606.85,32,289.06,257.1,0.15362507079122936,0.48484848484848486
258,Nike Women's Free 5.0 TR FIT PRT 4 Training S,Boxing & MMA,70,70,206,19567.94,17384.58,2183.38,1564.75,42,279.54,248.35,0.09000792656480629,0.6
273,Under Armour Kids' Mercenary Slide,Electronics,251,251,795,22252.05,20044.32,2207.78,2431.97,135,88.65,79.86,0.12132963353209288,0.5378486055776892
276,Under Armour Women's Ignite Slide,Electronics,311,306,919,29398.81,26429.25,2969.63,4030.38,173,96.07,86.37,0.1524969494026505,0.5562700964630225
278,Under Armour Men's Compression EV SL Slide,Electronics,280,279,813,36576.87,32745.16,3831.73,3745.34,148,131.1,117.37,0.11437843027794031,0.5285714285714286
282,Under Armour Women's Ignite PIP VI Slide,Electronics,285,285,848,27127.52,24627.87,2499.73,2057.21,171,95.18,86.41,0.08353178736122938,0.6
295,Fitbit The One Wireless Activity & Sleep Trac,Kids' Golf Clubs,62,62,187,18690.65,16759.15,1931.56,2088.02,32,301.46,270.31,0.12458985091726012,0.5161290322580645
303,Garmin Forerunner 910XT GPS Watch,Kids' Golf Clubs,35,35,35,13999.65,12593.65,1406.0,391.13,19,399.99,359.82,0.03105771559476403,0.5428571428571428
305,Mio ALPHA Heart Rate Monitor/Sport Watch,Kids' Golf Clubs,67,67,67,13333.0,12025.59,1307.45,1241.67,41,199.0,179.49,0.10325231443945786,0.6119402985074627
306,Polar FT4 Heart Rate Monitor,Kids' Golf Clubs,60,60,196,17638.04,16248.55,1389.51,3476.85,32,293.97,270.81,0.213979093519114,0.5333333333333333
311,Polar Loop Activity Tracker,Kids' Golf Clubs,54,53,54,5937.3,5335.32,602.01,326.2,26,112.02,100.67,0.061139725452269034,0.48148148148148145
359,Nike Men's Free TR 5.0 TB Training Shoe,As Seen on  TV!,68,68,206,20597.94,18519.61,2078.37,714.43,39,302.91,272.35,0.03857694627478657,0.5735294117647058
364,Total Gym 1400,Cleats,36,35,36,10799.64,9676.14,1123.5,808.62,23,308.56,276.46,0.0835684477487924,0.6388888888888888
365,Perfect Fitness Perfect Rip Deck,Cleats,24515,20359,73698,4421143.02,3973180.31,447968.17,493828.3,13473,217.16,195.16,0.1242904327188715,0.5495818886396084
403,Nike Men's CJ Elite 2 TD Football Cleat,Men's Footwear,22246,18783,22246,2891757.54,2598494.44,293263.1,311902.82,12121,153.96,138.34,0.120032129066245,0.5448619976625011
502,Nike Men's Dri-FIT Victory Golf Polo,Women's Apparel,21035,17869,62956,3147800.0,2828708.5,319091.5,350421.03,11476,176.16,158.3,0.12388021954188635,0.5455669122890421
564,Nike Men's Deutschland Weltmeister Winners Bl,Girls' Apparel,298,297,907,27210.0,24452.25,2757.75,2666.47,169,91.62,82.33,0.1090480426136654,0.5671140939597316
565,adidas Youth Germany Black/Red Away Match Soc,Girls' Apparel,314,313,969,67830.0,61037.9,6792.1,8129.4,162,216.71,195.01,0.13318610240522694,0.5159235668789809
567,adidas Men's Germany Black Crest Away Tee,Girls' Apparel,289,289,859,21475.0,19279.92,2195.17,2833.72,176,74.31,66.71,0.146977788289578,0.6089965397923875
572,TYR Boys' Team Digi Jammer,Girls' Apparel,300,298,880,35191.2,31436.76,3754.54,3658.98,157,118.09,105.49,0.11639176556362679,0.5233333333333333
607,Garmin Approach S3 Golf GPS Watch,Trade-In,77,75,77,19249.23,17239.23,2010.0,2432.33,47,256.66,229.86,0.14109272861954972,0.6103896103896104
625,Nike Men's Kobe IX Elite Low Basketball Shoe,Shop By Sport,63,62,63,12599.37,11286.37,1313.0,1080.65,31,203.22,182.04,0.09574823437473697,0.49206349206349204
627,Under Armour Girls' Toddler Spine Surge Runni,Shop By Sport,10617,9825,31735,1269082.65,1140770.95,128314.03,126278.51,5865,129.17,116.11,0.11069576237017606,0.552415936705284
642,Columbia Men's PFG Anchor Tough T-Shirt,Shop By Sport,304,304,928,27840.0,25128.3,2711.7,2454.8,162,91.58,82.66,0.09769065157611141,0.5328947368421053
646,Merrell Women's Grassbow Sport Hiking Shoe,Men's Golf Clubs,70,70,207,20697.93,18664.6,2033.34,1818.65,36,295.68,266.64,0.09743846640163734,0.5142857142857142
647,Merrell Women's Siren Mid Waterproof Hiking B,Men's Golf Clubs,70,69,70,9449.3,8501.62,947.68,1237.85,33,136.95,123.21,0.14560166180092732,0.4714285714285714
652,Merrell Women's Grassbow Sport Waterproof Hik,Men's Golf Clubs,58,58,58,7539.42,6860.17,679.25,1029.71,25,129.99,118.28,0.1500997788684537,0.43103448275862066
666,Merrell Men's All Out Flash Trail Running Sho,Men's Golf Clubs,85,85,85,9349.15,8356.4,992.75,1431.78,41,109.99,98.31,0.17133933272701163,0.4823529411764706
671,Cleveland Golf Collegiate My Custom Wedge 588,Women's Golf Clubs,65,65,65,13649.35,12190.9,1458.45,955.1,36,209.99,187.55,0.07834532315087483,0.5538461538461539
677,TaylorMade White Smoke IN-12 Putter,Women's Golf Clubs,63,63,193,19298.07,17405.21,1892.86,2540.4,34,306.32,276.27,0.14595629699383117,0.5396825396825397
691,MDGolf Pittsburgh Penguins Putter,Women's Golf Clubs,53,53,145,11598.55,10388.28,1210.29,1533.14,27,218.84,196.01,0.14758362308293577,0.5094339622641509
703,Top Flite Women's 2014 XL Hybrid,Golf Apparel,303,303,887,17731.13,15979.82,1751.37,1830.4,165,58.52,52.74,0.11454446921179337,0.5445544554455446
705,Cleveland Golf Women's 588 RTX CB Satin Chrom,Golf Apparel,70,70,70,8399.3,7538.3,861.0,370.61,35,119.99,107.69,0.04916360452621944,0.5
715,TaylorMade Women's RBZ SL Rescue,Golf Apparel,68,68,68,8839.32,7929.32,910.0,1295.3,29,129.99,116.61,0.1633557480338793,0.4264705882352941
724,LIJA Women's Mid-Length Panel Golf Shorts,Golf Shoes,73,73,227,22700.0,20132.0,2568.0,2984.71,41,310.96,275.78,0.14825700377508444,0.5616438356164384
725,LIJA Women's Button Golf Dress,Golf Shoes,76,76,76,8208.0,7365.6,842.4,1156.6,42,108.0,96.92,0.15702726186597152,0.5526315789473685
728,LIJA Women's Eyelet Sleeveless Golf Polo,Golf Shoes,309,309,946,61490.0,55158.07,6332.02,6752.33,175,199.0,178.51,0.12241780758463812,0.5663430420711975
730,LIJA Women's Argyle Golf Polo,Golf Shoes,66,65,195,15600.0,13850.8,1749.2,1512.43,33,240.0,213.09,0.10919441476304619,0.5
743,Ogio Race Golf Shoes,Golf Bags & Carts,61,61,61,10369.39,9403.79,965.6,1810.07,42,169.99,154.16,0.19248303077801607,0.6885245901639344
768,Titleist Club Glove Travel Cover,Golf Gloves,34,34,34,10199.66,9118.16,1081.5,1312.27,21,299.99,268.18,0.14391829053230037,0.6176470588235294
771,Clicgear Rovic Cooler Bag,Golf Gloves,284,284,867,34671.33,31032.45,3638.95,2962.96,164,122.08,109.27,0.09547940945687498,0.5774647887323944
773,Titleist Small Wheeled Travel Cover,Golf Gloves,54,54,54,13499.46,12150.71,1348.75,1011.65,34,249.99,225.01,0.083258509173538,0.6296296296296297
775,Clicgear 8.0 Shoe Brush,Golf Gloves,285,284,888,8871.12,7961.5,909.69,815.54,153,31.24,28.03,0.10243547070275702,0.5368421052631579
777,Bag Boy M330 Push Cart,Golf Gloves,69,69,208,16637.92,14981.66,1656.26,2969.11,38,241.13,217.13,0.1981829783882427,0.5507246376811594
778,Bag Boy Beverage Holder,Golf Gloves,279,278,845,21116.55,19009.97,2106.64,3173.78,155,75.96,68.38,0.1669534460075424,0.5555555555555556
786,TaylorMade 2014 Purelite Stand Bag,Golf Gloves,65,65,65,11699.35,10532.95,1166.4,730.18,37,179.99,162.05,0.0693234089215272,0.5692307692307692
792,Hirzl Men's Hybrid Golf Glove,Golf Balls,282,282,864,12951.36,11622.44,1328.95,1175.66,152,45.93,41.21,0.10115431871448681,0.5390070921985816
793,Hirzl Women's Hybrid Golf Glove,Golf Balls,311,310,888,13311.12,12014.78,1296.44,1193.24,165,42.94,38.76,0.09931434449902536,0.5305466237942122
797,Hirzl Women's Soffft Flex Golf Glove,Golf Balls,298,295,889,15993.11,14435.03,1558.14,1444.25,183,54.21,48.93,0.10005174911309501,0.6140939597315436
804,Glove It Women's Imperial Golf Glove,Golf Balls,307,303,941,18810.59,16918.4,1892.25,2122.95,161,62.08,55.84,0.12548172404009833,0.5244299674267101
810,Glove It Women's Mod Oval Golf Glove,Golf Balls,277,275,802,16031.98,14350.6,1681.46,2406.57,144,58.3,52.18,0.16769821470879268,0.51985559566787
818,Titleist Pro V1x Golf Balls,Electronics,291,291,863,41415.37,37329.99,4085.43,3699.61,151,142.32,128.28,0.09910557168646443,0.5189003436426117
821,Titleist Pro V1 High Numbers Personalized Gol,Electronics,292,291,851,44243.49,39569.91,4673.63,6093.15,175,152.04,135.98,0.15398442907754906,0.5993150684931506
822,Titleist Pro V1x High Numbers Golf Balls,Electronics,265,264,800,38392.0,34433.83,3958.25,4592.28,147,145.42,130.43,0.13336535610473768,0.5547169811320755
823,Titleist Pro V1x High Numbers Personalized Go,Electronics,306,305,908,47206.92,42608.96,4598.03,6671.09,170,154.78,139.7,0.1565654266144961,0.5555555555555556
825,Bridgestone e6 Straight Distance NFL Tennesse,Electronics,257,256,805,25751.95,23174.71,2577.3,2361.75,146,100.59,90.53,0.10191066037072309,0.5680933852140078
828,Bridgestone e6 Straight Distance NFL San Dieg,Electronics,310,309,906,28982.94,25799.9,3183.11,2019.83,174,93.8,83.49,0.07828828793910053,0.5612903225806452
835,Bridgestone e6 Straight Distance NFL Carolina,Electronics,308,308,928,29686.72,26563.36,3123.41,3188.77,180,96.39,86.24,0.12004392516609344,0.5844155844155844
845,Garmin Approach S4 Golf GPS Watch,Kids' Golf Clubs,36,34,36,10799.64,9811.14,988.5,1208.9,19,317.64,288.56,0.12321707773000896,0.5277777777777778
858,GolfBuddy VT3 GPS Watch,Kids' Golf Clubs,59,59,59,11799.41,10637.41,1162.0,569.02,30,199.99,180.3,0.05349234447106956,0.5084745762711864
860,Bushnell Pro X7 Jolt Slope Rangefinder,Kids' Golf Clubs,11,8,11,6599.89,6062.89,537.0,-255.95,6,824.99,757.86,-0.04221584096033409,0.5454545454545454
885,Team Golf St. Louis Cardinals Putter Grip,Accessories,313,313,958,23940.42,21614.19,2326.29,2815.12,197,76.49,69.05,0.1302440665137116,0.6293929712460063
886,Team Golf San Francisco Giants Putter Grip,Accessories,292,292,871,21766.29,19551.59,2214.75,2785.93,162,74.54,66.96,0.14249122449887705,0.5547945205479452
893,Team Golf Pittsburgh Steelers Putter Grip,Accessories,295,293,887,22166.13,19763.05,2403.14,3039.53,164,75.65,67.45,0.15379862926015975,0.5559322033898305
897,Team Golf New England Patriots Putter Grip,Accessories,281,281,823,20566.77,18401.67,2165.16,2548.58,155,73.19,65.49,0.1384972124812585,0.5516014234875445
905,Team Golf Texas Longhorns Putter Grip,Accessories,299,298,895,22366.05,19941.16,2424.94,3079.31,169,75.05,66.92,0.1544198030606043,0.5652173913043478
906,Team Golf Tennessee Volunteers Putter Grip,Accessories,300,300,915,22865.85,20440.89,2425.04,2375.05,167,76.22,68.14,0.11619112475043897,0.5566666666666666
917,Glove It Women's Mod Oval 3-Zip Carry All Gol,Trade-In,295,294,930,20450.7,18341.69,2109.09,2257.82,166,69.56,62.39,0.12309770800836783,0.5627118644067797
924,Glove It Urban Brick Golf Towel,Trade-In,300,298,885,14151.15,12683.21,1468.03,1563.2,164,47.49,42.56,0.12324955590895366,0.5466666666666666
926,Glove It Imperial Golf Towel,Trade-In,302,302,930,14870.7,13403.41,1467.34,1662.02,165,49.24,44.38,0.12399978811362183,0.5463576158940397
957,Diamondback Women's Serene Classic Comfort Bi,Camping & Hiking,13729,12299,13729,4118425.42,3700783.54,417649.5,427455.57,7487,334.86,300.9,0.11550407241597276,0.5453419768373516
977,ENO Atlas Hammock Straps,Hunting & Shooting,323,321,998,29930.02,26875.78,3054.32,2139.58,188,93.24,83.73,0.07960996852928548,0.5820433436532507
981,The North Face Women's Recon Backpack,Hunting & Shooting,57,57,181,17919.0,15991.48,1927.54,2803.8,29,314.37,280.55,0.17533086368491224,0.5087719298245614
982,insta-bed Neverflat Air Mattress,Hunting & Shooting,60,59,60,8999.4,8011.65,987.75,1036.62,30,152.53,135.79,0.12938907715639097,0.5
1004,Field & Stream Sportsman 16 Gun Fire Safe,Fishing,17325,15164,17325,6929653.5,6226935.12,702728.0,756220.76,9516,456.98,410.64,0.1214434943397965,0.5492640692640692
1014,O'Brien Men's Neoprene Life Vest,Indoor/Outdoor Games,19298,16623,57803,2888993.94,2596454.04,292550.63,318451.43,10565,173.79,156.2,0.12264859115318674,0.5474660586589284
1059,Pelican Maverick 100X Kayak,Water Sports,40,40,40,13999.6,12526.1,1473.5,1070.59,25,349.99,313.15,0.08546874126823194,0.625
1073,Pelican Sunstream 100 Kayak,Water Sports,15500,13727,15500,3099845.0,2785518.0,314327.0,324076.37,8492,225.82,202.92,0.11634330490774068,0.5478709677419354
1346,Sports Books,Books,405,405,405,12587.4,11303.42,1283.98,883.01,229,31.08,27.91,0.07811883483052032,0.5654320987654321
1347,Baby sweater,Baby,207,207,207,12229.56,10957.4,1272.16,1525.03,109,59.08,52.93,0.13917808969281034,0.5265700483091788
1348,CDs of rock,CDs,271,271,271,3059.59,2750.03,309.56,383.85,141,11.29,10.15,0.1395802954876856,0.5202952029520295
1349,Web Camera,Cameras,592,592,592,267607.68,240496.68,27111.0,30289.8,344,452.04,406.24,0.12594685298774186,0.581081081081081
1350,Children's heaters,Children's Clothing,652,652,652,232829.2,209268.38,23561.91,27178.1,348,357.1,320.96,0.12987198543802939,0.5337423312883436
1351,Dell Laptop,Computers,442,442,442,663000.0,595395.0,67605.0,69656.81,224,1500.0,1347.05,0.11699260155023135,0.5067873303167421
1352,Industrial consumer electronics,Consumer Electronics,431,431,431,108991.28,97937.56,11053.72,13223.4,238,252.88,227.23,0.1350186792482884,0.5522041763341067
1353,Porcelain crafts,Crafts,484,484,484,223356.32,200704.87,22651.45,25531.17,271,461.48,414.68,0.12720752615519493,0.5599173553719008
1354,DVDs,DVDs,483,483,483,79395.54,71319.38,8076.43,6655.43,259,164.38,147.66,0.09331867439116828,0.5362318840579711
1355,Lawn mower,Garden,484,484,484,257768.72,231765.46,26003.52,33443.01,270,532.58,478.85,0.1442967817551416,0.5578512396694215
1356,First aid kit,Health and Beauty,362,362,362,106080.48,95358.11,10722.37,9493.63,202,293.04,263.42,0.09955765692084291,0.5580110497237569
1357,Men's gala suit,Men's Clothing,208,208,208,43856.8,39365.71,4491.21,2006.04,113,210.85,189.26,0.05095907072424199,0.5432692307692307
1358,Rock music,Music,434,434,434,113122.1,101687.29,11435.05,14436.32,248,260.65,234.3,0.14196779164829743,0.5714285714285714
1359,Adult dog supplies,Pet Supplies,492,492,492,41524.8,37318.3,4206.5,3589.26,290,84.4,75.85,0.09617962233006325,0.5894308943089431
1360,Smart watch,Sporting Goods,357,357,357,117006.75,105063.61,11943.73,12518.61,198,327.75,294.3,0.11915267331857339,0.5546218487394958
1361,Toys,Toys,529,529,529,6104.66,5485.68,619.27,900.71,291,11.54,10.37,0.1641929532892914,0.5500945179584121
1362,Fighting video games,Video Games,838,838,838,33310.5,29919.2,3392.69,2717.52,455,39.75,35.7,0.09082863178159843,0.5429594272076372
1363,Summer dresses,Women's Clothing,650,650,650,140283.0,126006.93,14276.44,19102.85,367,215.82,193.86,0.1516015825478805,0.5646153846153846
