order_region,order_year,orders,gross_sales,net_sales,profit,late_orders,avg_actual_shipping_days,avg_scheduled_shipping_days,avg_shipping_variance_days,late_delivery_rate_order,gross_aov,net_aov,profit_margin_net
Canada,2016,268,163797.85,147743.02,19714.15,135,3.3656716417910446,2.921641791044776,0.44402985074626866,0.503731343283582,611.19,551.28,0.13343540696541875
Canada,2017,41,23063.19,20514.4,4186.56,18,3.341463414634146,2.951219512195122,0.3902439024390244,0.43902439024390244,562.52,500.35,0.2040790859103849
Caribbean,2015,1414,830502.06,745760.13,82764.57,760,3.5226308345120225,2.9745403111739743,0.5480905233380481,0.5374823196605375,587.34,527.41,0.1109801485365006
Caribbean,2017,1392,820517.24,735908.54,89061.07,727,3.4583333333333335,2.9245689655172415,0.5337643678160919,0.5222701149425287,589.45,528.67,0.12102192753463631
Central Africa,2016,507,297293.2,266170.48,31062.86,293,3.5680473372781063,2.9270216962524653,0.6410256410256411,0.5779092702169625,586.38,524.99,0.116702874037722
Central Africa,2017,49,29969.81,26742.08,2384.41,27,3.4081632653061225,2.7755102040816326,0.6326530612244898,0.5510204081632653,611.63,545.76,0.08916322140985294
Central America,2015,4664,2754549.42,2474553.77,291049.51,2560,3.4967838765008574,2.9146655231560894,0.5821183533447685,0.548885077186964,590.6,530.56,0.11761696736135178
Central America,2017,4732,2911162.57,2619295.89,325292.06,2596,3.518596787827557,2.9619611158072696,0.5566356720202874,0.5486052409129332,615.21,553.53,0.12419065033542277
Central Asia,2016,160,97933.29,87173.9,12613.38,85,3.525,2.9375,0.5875,0.53125,612.08,544.84,0.14469216130057275
Central Asia,2017,24,11906.64,10779.79,431.9,17,3.5,2.4583333333333335,1.0416666666666667,0.7083333333333334,496.11,449.16,0.040065715565887644
East Africa,2016,546,334752.55,300984.57,39149.08,313,3.5036630036630036,2.9065934065934065,0.5970695970695971,0.5732600732600732,613.1,551.25,0.13007005641518435
East Africa,2017,67,41482.34,37069.74,4018.65,35,3.4328358208955225,2.9402985074626864,0.4925373134328358,0.5223880597014925,619.14,553.28,0.10840782805598313
East of USA,2016,2323,1371111.96,1231955.12,156263.3,1276,3.5105467068445977,2.9294016358157555,0.581145071028842,0.5492897115798536,590.23,530.33,0.12684171481831252
Eastern Asia,2015,976,577943.76,519296.73,62166.24,522,3.5204918032786887,2.987704918032787,0.5327868852459017,0.5348360655737705,592.16,532.07,0.11971236560646163
Eastern Asia,2016,1023,590479.49,530380.66,50835.28,568,3.520039100684262,2.962854349951124,0.5571847507331378,0.555229716520039,577.2,518.46,0.09584678295019278
Eastern Asia,2017,862,249327.51,222775.84,30321.69,468,3.5255220417633413,2.9361948955916475,0.5893271461716937,0.54292343387471,289.24,258.44,0.1361085205648871
Eastern Asia,2018,457,68650.55,61860.17,4044.8,260,3.4967177242888403,2.886214442013129,0.6105032822757112,0.5689277899343544,150.22,135.36,0.0653861765979628
Eastern Europe,2016,1137,679396.63,611010.47,68866.55,633,3.5030782761653474,2.9234828496042216,0.5795954265611257,0.5567282321899736,597.53,537.39,0.11270927976078708
Eastern Europe,2017,155,94869.92,85296.71,10850.5,90,3.638709677419355,3.0064516129032257,0.632258064516129,0.5806451612903226,612.06,550.3,0.12720889234766497
North Africa,2016,953,563265.39,507204.19,54736.23,520,3.448058761804827,2.8919202518363063,0.5561385099685204,0.5456453305351522,591.04,532.22,0.10791754303133813
North Africa,2017,111,71486.82,65037.77,9863.63,58,3.675675675675676,3.18018018018018,0.4954954954954955,0.5225225225225225,644.03,585.93,0.15166002770390188
Northern Europe,2015,1801,1050985.52,944920.0,116094.67,968,3.4686285397001666,2.9444752915047196,0.524153248195447,0.5374791782343142,583.56,524.66,0.12286190365321932
Northern Europe,2016,33,18761.74,16895.35,2145.4,21,3.272727272727273,2.606060606060606,0.6666666666666666,0.6363636363636364,568.54,511.98,0.12698168430958812
Northern Europe,2017,1882,1086083.35,977547.06,115210.53,1007,3.5005313496280555,2.9500531349628054,0.5504782146652497,0.5350690754516472,577.09,519.42,0.11785676077835065
Oceania,2015,1021,588115.35,526772.05,59118.71,538,3.4622918707149855,2.928501469147894,0.5337904015670911,0.5269343780607247,576.02,515.94,0.11222825888351516
Oceania,2016,1905,1132263.83,1016808.21,112754.07,1052,3.5506561679790027,2.961679790026247,0.5889763779527559,0.552230971128609,594.36,533.76,0.11089020416151045
Oceania,2017,883,206875.59,185974.91,17903.79,477,3.4575311438278598,2.956964892412231,0.5005662514156285,0.5402038505096263,234.29,210.62,0.09626992157167867
Oceania,2018,553,89399.39,80441.36,11701.45,315,3.4177215189873418,2.7540687160940327,0.6636528028933092,0.569620253164557,161.66,145.46,0.14546559133261797
South America,2015,2520,1487136.89,1337843.64,168039.66,1363,3.5253968253968253,2.988888888888889,0.5365079365079365,0.5408730158730158,590.13,530.89,0.12560485767978086
South America,2017,2459,1473744.46,1322400.02,167114.74,1333,3.4627897519316795,2.8975193167954454,0.5652704351362342,0.5420902806018707,599.33,537.78,0.12637230601372798
South Asia,2015,761,455919.47,410583.79,46103.58,426,3.4940867279894876,2.8764783180026283,0.6176084099868594,0.5597897503285151,599.11,539.53,0.11228787186167286
South Asia,2016,1403,810713.97,728209.04,86602.34,788,3.501781895937277,2.9066286528866714,0.5951532430506058,0.5616535994297933,577.84,519.04,0.11892510974595975
South Asia,2017,708,208936.5,187889.98,25237.49,396,3.4858757062146895,2.903954802259887,0.5819209039548022,0.559322033898305,295.11,265.38,0.13432057419985888
South Asia,2018,463,78110.95,70681.75,7760.49,255,3.5032397408207343,2.924406047516199,0.5788336933045356,0.550755939524838,168.71,152.66,0.10979481973776824
South of  USA,2016,1345,785783.93,706904.33,88114.88,753,3.4981412639405205,2.8988847583643125,0.5992565055762081,0.5598513011152416,584.23,525.58,0.12464894648473862
Southeast Asia,2015,1233,733258.9,660071.22,75187.38,688,3.4931062449310626,2.927007299270073,0.5660989456609895,0.5579886455798865,594.69,535.34,0.11390798102059352
Southeast Asia,2016,1374,804918.0,724238.26,81997.28,760,3.5262008733624453,2.943231441048035,0.5829694323144105,0.5531295487627366,585.82,527.1,0.11321865265720703
Southeast Asia,2017,1099,298829.41,269275.17,43823.01,608,3.5368516833484986,2.9690627843494086,0.5677888989990901,0.5532302092811647,271.91,245.02,0.16274434066832083
Southeast Asia,2018,650,95489.22,84968.77,10335.15,365,3.583076923076923,2.9876923076923076,0.5953846153846154,0.5615384615384615,146.91,130.72,0.12163469001610826
Southern Africa,2016,362,208783.0,186840.93,28449.44,197,3.505524861878453,3.0082872928176796,0.4972375690607735,0.5441988950276243,576.75,516.14,0.15226556622256163
Southern Africa,2017,36,19468.59,17461.59,2376.61,17,3.0833333333333335,2.9444444444444446,0.1388888888888889,0.4722222222222222,540.79,485.04,0.13610501678254958
Southern Europe,2015,1686,983257.29,882611.23,120280.25,889,3.463226571767497,2.9709371293001188,0.49228944246737844,0.5272835112692764,583.19,523.49,0.13627772445179517
Southern Europe,2016,53,32624.46,29066.83,4768.58,29,3.056603773584906,2.6226415094339623,0.4339622641509434,0.5471698113207547,615.56,548.43,0.16405572950335484
Southern Europe,2017,1804,1032037.03,925847.74,105780.4,977,3.471729490022173,2.9262749445676275,0.5454545454545454,0.5415742793791575,572.08,513.22,0.11425247957077693
US Center,2016,1935,1151355.75,1034129.42,131094.23,1071,3.474935400516796,2.9012919896640827,0.5736434108527132,0.5534883720930233,595.02,534.43,0.12676772120069846
West Africa,2016,1077,642528.58,576640.81,68501.02,557,3.499535747446611,2.9851439182915507,0.5143918291550603,0.5171773444753947,596.59,535.41,0.1187932224221175
West Africa,2017,146,85422.6,77527.21,11529.25,69,3.595890410958904,3.1232876712328768,0.4726027397260274,0.4726027397260274,585.09,531.01,0.14871230371891364
West Asia,2016,1737,1016097.03,914104.67,103177.41,971,3.4755325273459987,2.911917098445596,0.563615428900403,0.5590097869890616,584.97,526.25,0.11287264291079488
West Asia,2017,285,158574.73,141976.31,15638.0,161,3.656140350877193,2.9649122807017543,0.6912280701754386,0.5649122807017544,556.4,498.16,0.11014513618504383
West of USA,2016,2667,1571415.93,1412253.58,164940.66,1451,3.5054368203974504,2.9471316085489314,0.5583052118485189,0.5440569928758905,589.21,529.53,0.11679252390353295
Western Europe,2015,4828,2879162.53,2587130.87,298052.33,2717,3.526304888152444,2.9206710853355426,0.6056338028169014,0.5627589063794531,596.35,535.86,0.11520574140882174
Western Europe,2016,51,30540.5,27282.8,4332.93,24,3.2941176470588234,2.9215686274509802,0.37254901960784315,0.47058823529411764,598.83,534.96,0.1588154441626226
Western Europe,2017,5131,2984677.63,2681589.17,323060.82,2844,3.500097446891444,2.921068017930228,0.5790294289612161,0.5542779185343988,581.7,522.63,0.12047364436514338
