order_region,records,orders,units,gross_sales,net_sales,discount,profit,late_records,gross_aov,net_aov,profit_margin_net,late_delivery_rate_row
Canada,959,309,2183,186861.04,168257.42,18603.82,23900.71,468,604.73,544.52,0.14204847548476612,0.4880083420229406
Caribbean,8318,2806,18204,1651019.3,1481668.67,169352.55,171825.64,4415,588.39,528.04,0.11596765422596132,0.5307766289973551
Central Africa,1677,556,3700,327263.01,292912.56,34350.95,33447.27,972,588.6,526.82,0.11418858242200333,0.5796064400715564
Central America,28341,9396,62091,5665711.99,5093849.66,571869.41,616341.57,15518,602.99,542.13,0.12099720469567214,0.5475459581525
Central Asia,553,184,1214,109839.93,97953.69,11886.36,13045.28,306,596.96,532.36,0.13317803545736767,0.5533453887884268
East Africa,1852,613,4048,376234.89,338054.31,38181.02,43167.73,1036,613.76,551.48,0.12769465947646105,0.5593952483801296
East of USA,6915,2323,15108,1371111.96,1231955.12,139158.45,156263.3,3849,590.23,530.33,0.12684171481831252,0.5566160520607375
Eastern Asia,7280,3318,14359,1486401.31,1334313.4,152090.21,147368.01,3955,447.98,402.14,0.11044482503136072,0.5432692307692307
Eastern Europe,3920,1292,8806,774266.55,696307.18,77960.36,79717.05,2182,599.28,538.94,0.11448546315435093,0.5566326530612244
North Africa,3232,1064,7155,634752.21,572241.96,62510.96,64599.86,1762,596.57,537.82,0.11288906531775475,0.5451732673267327
Northern Europe,9792,3716,20402,2155830.61,1939362.41,216470.73,233450.6,5292,580.15,521.9,0.12037492260149563,0.5404411764705882
Oceania,10148,4362,20430,2016654.16,1809996.53,206660.62,201478.02,5482,462.32,414.95,0.11131403660757294,0.5402049664958612
South America,14935,4979,32647,2960881.35,2660243.66,300641.19,335154.4,8111,594.67,534.29,0.12598635419734447,0.5430867090726481
South Asia,7731,3335,15624,1553680.89,1397364.56,156318.69,165703.9,4350,465.87,419.0,0.11858315628099227,0.5626697710516104
South of  USA,4045,1345,8804,785783.93,706904.33,78880.52,88114.88,2256,584.23,525.58,0.12464894648473862,0.557725587144623
Southeast Asia,9539,4356,18835,1932495.53,1738553.42,193945.36,211342.82,5297,443.64,399.12,0.12156245391642899,0.5552992976202956
Southern Africa,1157,398,2507,228251.59,204302.52,23949.39,30826.05,617,573.5,513.32,0.15088433564108755,0.533275713050994
Southern Europe,9431,3543,19526,2047918.78,1837525.8,210395.35,230829.23,5129,578.02,518.64,0.12561958585833188,0.5438447672569187
US Center,5887,1935,12974,1151355.75,1034129.42,117227.71,131094.23,3252,595.02,534.43,0.12676772120069846,0.5524036011550875
West Africa,3696,1223,8193,727951.18,654168.02,73784.05,80030.27,1953,595.22,534.89,0.12233901314833459,0.5284090909090909
West Asia,6009,2022,13218,1174671.76,1056080.98,118592.07,118815.41,3322,580.95,522.3,0.11250596521490237,0.5528374105508405
West of USA,7993,2667,17547,1571415.93,1412253.58,159164.32,164940.66,4313,589.21,529.53,0.11679252390353295,0.5395971475040661
Western Europe,27109,10010,56504,5894380.66,5296002.84,598384.31,625446.08,15140,588.85,529.07,0.11809776144304333,0.5584861116234461
